FullName,CT,CTID,County,CountyID,State,StateID,TotalPop_Estimate,Male_Estimate,Female_Estimate,Male_SexRatio_Estimate,Under5_Estimate,5to9_Estimate,10to14_Estimate,15to19_Estimate,20to24_Estimate,25to34_Estimate,35to44_Estimate,45to54_Estimate,55to59_Estimate,60to64_Estimate,65to74_Estimate,75to84_Estimate,85andOver_Estimate,MedianAge_Estimate,Under18_Estimate,16andOver_Estimate,18andOver_Estimate,21andOver_Estimate,62andOver_Estimate,65andOver_Estimate,Male_18andOver_Estimate,Female_18andOver_Estimate,Male_18andOver_SexRatio_Estimate,Male_65andOver_Estimate,Female_65andOver_Estimate,Male_65andOver_SexRatio_Estimate,TotalRace_Estimate,OneRace_Estimate,TwoRace_Estimate,OneRace_White_Estimate,OneRace_BlackAA_Estimate,OneRace_AIAN_Estimate,OneRace_AIAN_Cherokee_Estimate,OneRace_AIAN_Chippewa_Estimate,OneRace_AIAN_Navajo_Estimate,OneRace_AIAN_Sioux_Estimate,OneRace_Asian_Estimate,OneRace_Asian_AsianIndian_Estimate,OneRace_Asian_Chinese_Estimate,OneRace_Asian_Filipino_Estimate,OneRace_Asian_Japanese_Estimate,OneRace_Asian_Korean_Estimate,OneRace_Asian_Vietnamese_Estimate,OneRace_Asian_Other_Estimate,OneRace_NHOPI_Estimate,OneRace_NHOPIN_NativeHawaiian_Estimate,OneRace_NHOPIG_Chamorro_Estimate,OneRace_NHOPI_Samoan_Estimate,OneRace_NHOPIOP_Other_Estimate,OneRace_SomeOtherRace_Estimate,TwoRace_White_BlackAA_Estimate,TwoRace_White_AIAN_Estimate,TwoRace_White_Asian_Estimate,TwoRace_BlackAA_AIAN_Estimate,AloneComboRace_Estimate,AloneComboRace_White_Estimate,AloneComboRace_BlackAA_Estimate,AloneComboRace_AIAN_Estimate,AloneComboRace_Asian_Estimate,AloneComboRace_NHOPI_Estimate,AloneComboRace_Other_Estimate,HispanicLatino_Estimate,HispanicLatino_AnyRace_Estimate,HispanicLatino_Mexican_AnyRace_Estimate,HispanicLatino_PuertoRican_AnyRace_Estimate,HispanicLatino_Cuban_AnyRace_Estimate,HispanicLatino_Other_AnyRace_Estimate,NotHispanicLatino_Estimate,NotHispanicLatino_White_Estimate,NotHispanicLatino_BlackAA_Estimate,NotHispanicLatino_AIAN_Estimate,NotHispanicLatino_Asian_Estimate,NotHispanicLatino_NHOPI_Estimate,NotHispanicLatino_AloneOther_Estimate,NotHispanicLatino_TwoMore_Estimate,NotHispanicLatino_TwoMore_IncludeOther_Estimate,NotHispanicLatino_TwoMore_ExcludeOtherThree_Estimate,HousingUnits_Estimate,Vote_18andOver_Estimate,Vote_Male_18andOver_Estimate,Vote_Female_18andOver_Estimate
"Census Tract 101.01, DeSoto County, Florida",Census Tract 101.01,101.01, DeSoto County,027, Florida,12,3885,2030,1855,109.4,111,167,148,193,69,179,512,337,175,207,1015,643,129,60.8,500,3424,3385,3266,1899,1787,1677,1708,98.2,801,986,81.2,3885,3852,33,3813,8,13,11,0,0,0,0,0,0,0,0,0,0,0,0,0,0,0,0,18,7,22,0,0,3885,3846,15,35,0,4,18,3885,905,761,23,0,121,2980,2926,8,13,0,0,0,33,0,33,2344,2934,1384,1550
"Census Tract 101.02, DeSoto County, Florida",Census Tract 101.02,101.02, DeSoto County,027, Florida,12,4994,3737,1257,297.3,138,144,63,102,305,1026,559,898,451,347,602,295,64,46.5,403,4641,4591,4499,1176,961,3547,1044,339.8,641,320,200.3,4994,4773,221,3817,905,7,0,0,0,0,21,0,0,21,0,0,0,0,0,0,0,0,0,23,93,65,7,31,4994,3995,1029,115,28,0,48,4994,1187,923,43,90,131,3807,2684,905,7,21,0,0,190,0,190,968,4286,3300,986
"Census Tract 102, DeSoto County, Florida",Census Tract 102,102, DeSoto County,027, Florida,12,6359,3258,3101,105.1,267,522,459,872,388,879,856,817,268,248,405,276,102,32.1,1640,4953,4719,4110,967,783,2230,2489,89.6,279,504,55.4,6359,5849,510,4818,795,1,0,0,0,0,27,0,4,23,0,0,0,0,0,0,0,0,0,208,9,52,39,0,6359,5315,817,53,79,0,605,6359,2220,1720,0,160,340,4139,3197,795,1,27,0,6,113,0,113,2420,4056,1750,2306
"Census Tract 103.01, DeSoto County, Florida",Census Tract 103.01,103.01, DeSoto County,027, Florida,12,7591,4212,3379,124.7,631,479,438,514,610,1665,1010,760,201,317,488,102,376,31.4,1778,5943,5813,5438,1240,966,3460,2353,147,363,603,60.2,7591,7472,119,6667,404,0,0,0,0,0,0,0,0,0,0,0,0,0,25,0,25,0,0,376,13,0,0,0,7591,6786,417,0,0,25,482,7591,4898,4312,63,139,384,2693,2240,404,0,0,25,0,24,24,0,2899,4207,2233,1974
"Census Tract 103.02, DeSoto County, Florida",Census Tract 103.02,103.02, DeSoto County,027, Florida,12,2554,1186,1368,86.7,229,204,252,250,125,480,233,246,135,130,180,24,66,32,860,1771,1694,1619,347,270,760,934,81.4,103,167,61.7,2554,2547,7,1092,1332,0,0,0,0,0,0,0,0,0,0,0,0,0,0,0,0,0,0,123,0,0,0,7,2554,1092,1339,7,0,0,123,2554,861,680,40,20,121,1693,354,1332,0,0,0,0,7,0,7,1088,1577,709,868
"Census Tract 104.03, DeSoto County, Florida",Census Tract 104.03,104.03, DeSoto County,027, Florida,12,3653,1758,1895,92.8,125,277,108,79,136,362,257,305,176,275,848,516,189,60,575,3129,3078,3031,1690,1553,1523,1555,97.9,803,750,107.1,3653,3598,55,3422,54,4,4,0,0,0,113,0,20,33,0,60,0,0,5,0,0,5,0,0,13,7,17,0,3653,3477,67,11,148,5,18,3653,177,120,0,57,0,3476,3263,54,4,113,5,0,37,0,37,1818,2991,1504,1487
"Census Tract 104.04, DeSoto County, Florida",Census Tract 104.04,104.04, DeSoto County,027, Florida,12,3034,1868,1166,160.2,195,143,213,83,103,379,540,464,179,148,294,238,55,42.1,623,2443,2411,2385,643,587,1575,836,188.4,267,320,83.4,3034,2914,120,2732,140,6,0,0,0,0,0,0,0,0,0,0,0,0,0,0,0,0,0,36,0,2,0,0,3034,2845,147,8,0,0,154,3034,737,573,22,127,15,2297,2143,140,6,0,0,6,2,0,2,1192,2081,1283,798
"Census Tract 104.05, DeSoto County, Florida",Census Tract 104.05,104.05, DeSoto County,027, Florida,12,1686,924,762,121.3,67,21,0,11,109,116,76,121,239,187,374,336,29,62.3,88,1598,1598,1584,879,739,886,712,124.4,407,332,122.6,1686,1640,46,1502,112,2,0,0,0,0,2,2,0,0,0,0,0,0,0,0,0,0,0,22,0,0,0,0,1686,1548,112,2,2,0,68,1686,103,0,62,29,12,1583,1467,112,2,2,0,0,0,0,0,1096,1580,868,712
"Census Tract 104.06, DeSoto County, Florida",Census Tract 104.06,104.06, DeSoto County,027, Florida,12,3615,2056,1559,131.9,99,123,218,423,141,348,485,416,379,312,379,244,48,44,746,3102,2869,2704,822,671,1665,1204,138.3,424,247,171.7,3615,3595,20,2745,787,0,0,0,0,0,0,0,0,0,0,0,0,0,0,0,0,0,0,63,0,0,0,0,3615,2765,787,0,0,20,63,3615,695,563,13,68,51,2920,2142,743,0,0,0,15,20,0,20,1482,2693,1536,1157
"Census Tract 1.01, Manatee County, Florida",Census Tract 1.01,1.01, Manatee County,081, Florida,12,1556,660,896,73.7,9,0,20,81,15,159,68,127,212,73,261,328,203,65.3,96,1497,1460,1446,837,792,606,854,71,321,471,68.2,1556,1498,58,1342,40,12,0,0,0,0,104,28,73,0,3,0,0,0,0,0,0,0,0,0,6,5,0,0,1556,1389,46,17,131,27,20,1556,71,17,20,0,34,1485,1291,40,12,104,0,0,38,0,38,1453,1361,569,792
"Census Tract 1.03, Manatee County, Florida",Census Tract 1.03,1.03, Manatee County,081, Florida,12,4078,2088,1990,104.9,439,370,204,216,328,752,465,440,417,269,121,56,1,30,1189,2987,2889,2847,373,178,1282,1607,79.8,92,86,107,4078,3951,127,1871,1567,0,0,0,0,0,157,0,7,148,0,2,0,0,0,0,0,0,0,356,99,27,0,0,4078,1998,1667,28,157,0,356,4078,1138,707,78,113,240,2940,1102,1562,0,157,0,0,119,0,119,1619,2478,1155,1323
"Census Tract 1.05, Manatee County, Florida",Census Tract 1.05,1.05, Manatee County,081, Florida,12,4477,2411,2066,116.7,220,408,196,257,283,906,707,469,81,352,353,169,76,34.9,968,3564,3509,3339,835,598,1931,1578,122.4,295,303,97.4,4477,3867,610,2973,741,0,0,0,0,0,3,3,0,0,0,0,0,0,0,0,0,0,0,150,40,14,0,0,4477,3583,781,14,15,0,706,4477,2424,705,858,17,844,2053,1266,730,0,3,0,0,54,0,54,2207,2620,1272,1348
"Census Tract 1.06, Manatee County, Florida",Census Tract 1.06,1.06, Manatee County,081, Florida,12,5455,2747,2708,101.4,379,453,432,634,282,920,998,570,343,156,131,135,22,30.6,1655,4067,3800,3406,346,288,1990,1810,109.9,179,109,164.2,5455,5082,373,4154,733,57,0,0,0,0,0,0,0,0,0,0,0,0,0,0,0,0,0,138,9,9,0,0,5455,4527,742,66,0,0,493,5455,3199,1878,76,0,1245,2256,1503,678,57,0,0,0,18,0,18,1484,2683,1309,1374
"Census Tract 2.01, Manatee County, Florida",Census Tract 2.01,2.01, Manatee County,081, Florida,12,4644,2502,2142,116.8,137,71,119,74,78,546,391,674,386,494,877,590,207,58.1,365,4302,4279,4243,2026,1674,2320,1959,118.4,820,854,96,4644,4288,356,4033,88,39,0,0,0,0,25,25,0,0,0,0,0,0,0,0,0,0,0,103,320,9,0,0,4644,4362,435,48,52,0,103,4644,201,71,63,0,67,4443,3935,88,39,25,0,0,356,0,356,3001,3848,2176,1672
"Census Tract 2.03, Manatee County, Florida",Census Tract 2.03,2.03, Manatee County,081, Florida,12,1512,508,1004,50.6,1,0,0,36,39,78,142,145,340,208,162,246,115,58.9,14,1511,1498,1475,731,523,494,1004,49.2,217,306,70.9,1512,1472,40,1448,5,0,0,0,0,0,19,0,19,0,0,0,0,0,0,0,0,0,0,0,0,40,0,0,1512,1488,5,40,19,0,0,1512,66,0,0,0,66,1446,1382,5,0,19,0,0,40,0,40,1036,1443,494,949
"Census Tract 2.04, Manatee County, Florida",Census Tract 2.04,2.04, Manatee County,081, Florida,12,2580,1149,1431,80.3,0,0,0,0,181,46,60,44,78,274,1233,429,235,70.7,0,2580,2580,2580,2086,1897,1149,1431,80.3,847,1050,80.7,2580,2580,0,2472,95,0,0,0,0,0,13,13,0,0,0,0,0,0,0,0,0,0,0,0,0,0,0,0,2580,2472,95,0,13,0,0,2580,0,0,0,0,0,2580,2472,95,0,13,0,0,0,0,0,2239,2565,1134,1431
"Census Tract 3.04, Manatee County, Florida",Census Tract 3.04,3.04, Manatee County,081, Florida,12,3142,1598,1544,103.5,56,76,148,459,377,332,307,390,68,72,338,424,95,35.8,739,2625,2403,2378,893,857,1308,1095,119.5,336,521,64.5,3142,2728,414,1924,776,0,0,0,0,0,0,0,0,0,0,0,0,0,0,0,0,0,0,28,414,0,0,0,3142,2338,1190,0,0,0,28,3142,574,426,79,8,61,2568,1367,776,0,0,0,11,414,0,414,1637,2269,1222,1047
"Census Tract 3.05, Manatee County, Florida",Census Tract 3.05,3.05, Manatee County,081, Florida,12,6748,3347,3401,98.4,426,403,462,733,276,1154,1088,975,476,257,236,222,40,33.6,1766,5328,4982,4724,731,498,2398,2584,92.8,202,296,68.2,6748,6239,509,3686,1359,0,0,0,0,0,0,0,0,0,0,0,0,0,0,0,0,0,0,1194,101,0,9,0,6748,4191,1464,0,9,4,1589,6748,4199,2707,525,135,832,2549,1172,1353,0,0,0,0,24,15,9,2302,3779,1660,2119
"Census Tract 3.07, Manatee County, Florida",Census Tract 3.07,3.07, Manatee County,081, Florida,12,3780,2039,1741,117.1,294,150,520,459,227,379,362,623,220,132,129,256,29,30.7,1088,2796,2692,2267,518,414,1353,1339,101,154,260,59.2,3780,3564,216,3003,197,0,0,0,0,0,0,0,0,0,0,0,0,0,39,0,19,0,20,325,209,0,7,0,3780,3219,406,0,7,39,325,3780,1939,333,334,214,1058,1841,1570,197,0,0,39,9,26,0,26,1427,2432,1281,1151
"Census Tract 3.09, Manatee County, Florida",Census Tract 3.09,3.09, Manatee County,081, Florida,12,4204,2204,2000,110.2,230,233,193,216,585,808,301,366,463,282,299,179,49,33.4,741,3526,3463,3257,677,527,1842,1621,113.6,302,225,134.2,4204,4100,104,3500,421,21,0,0,0,0,23,0,0,18,0,5,0,0,0,0,0,0,0,135,25,0,28,18,4204,3572,467,42,65,0,165,4204,946,219,233,173,321,3258,2720,399,21,23,0,7,88,14,74,1911,3159,1654,1505
"Census Tract 3.10, Manatee County, Florida",Census Tract 3.10,3.10, Manatee County,081, Florida,12,3647,1846,1801,102.5,430,137,169,172,322,655,398,474,181,107,383,188,31,34.6,875,2876,2772,2678,652,602,1370,1402,97.7,302,300,100.7,3647,3556,91,2773,264,0,0,0,0,0,65,35,13,0,0,0,0,17,0,0,0,0,0,454,50,13,0,0,3647,2864,336,35,65,0,460,3647,1176,540,208,71,357,2471,2022,264,0,65,0,85,35,0,35,2067,2499,1201,1298
"Census Tract 3.11, Manatee County, Florida",Census Tract 3.11,3.11, Manatee County,081, Florida,12,2934,1237,1697,72.9,193,260,0,91,77,379,437,367,121,344,341,169,155,45.8,544,2481,2390,2377,837,665,891,1499,59.4,188,477,39.4,2934,2784,150,2225,559,0,0,0,0,0,0,0,0,0,0,0,0,0,0,0,0,0,0,0,0,13,0,0,2934,2375,559,13,0,0,137,2934,332,113,13,90,116,2602,1906,546,0,0,0,0,150,137,13,1721,2307,864,1443
"Census Tract 3.12, Manatee County, Florida",Census Tract 3.12,3.12, Manatee County,081, Florida,12,1791,825,966,85.4,25,18,18,14,0,37,142,90,225,234,636,275,77,66.3,75,1730,1716,1716,1191,988,768,948,81,376,612,61.4,1791,1791,0,1786,5,0,0,0,0,0,0,0,0,0,0,0,0,0,0,0,0,0,0,0,0,0,0,0,1791,1786,5,0,0,0,0,1791,475,11,106,206,152,1316,1311,5,0,0,0,0,0,0,0,1238,1605,714,891
"Census Tract 3.13, Manatee County, Florida",Census Tract 3.13,3.13, Manatee County,081, Florida,12,2392,1218,1174,103.7,0,376,325,112,203,198,402,107,193,53,263,136,24,34.8,777,1688,1615,1493,461,423,808,807,100.1,162,261,62.1,2392,2392,0,2275,0,0,0,0,0,0,63,63,0,0,0,0,0,0,0,0,0,0,0,54,0,0,0,0,2392,2275,0,0,63,0,54,2392,1564,1466,26,72,0,828,765,0,0,63,0,0,0,0,0,772,931,414,517
"Census Tract 3.14, Manatee County, Florida",Census Tract 3.14,3.14, Manatee County,081, Florida,12,3502,1577,1925,81.9,295,399,27,65,49,360,291,217,247,328,642,427,155,56,751,2781,2751,2716,1449,1224,1337,1414,94.6,575,649,88.6,3502,3502,0,3129,199,0,0,0,0,0,0,0,0,0,0,0,0,0,0,0,0,0,0,174,0,0,0,0,3502,3129,199,0,0,0,174,3502,1202,403,46,48,705,2300,2101,199,0,0,0,0,0,0,0,1984,2195,1007,1188
"Census Tract 4.03, Manatee County, Florida",Census Tract 4.03,4.03, Manatee County,081, Florida,12,1688,901,787,114.5,10,25,126,89,55,164,97,241,119,203,333,169,57,56.7,231,1527,1457,1425,695,559,817,640,127.7,353,206,171.4,1688,1571,117,1508,36,3,0,3,0,0,24,0,12,0,8,4,0,0,0,0,0,0,0,0,0,0,11,0,1688,1625,49,3,48,0,93,1688,195,8,124,0,63,1493,1430,12,3,24,0,0,24,0,24,869,1442,817,625
"Census Tract 4.05, Manatee County, Florida",Census Tract 4.05,4.05, Manatee County,081, Florida,12,3475,1479,1996,74.1,186,115,146,89,161,458,164,649,321,255,467,272,192,51.8,528,3019,2947,2904,1141,931,1224,1723,71,430,501,85.8,3475,3459,16,3231,44,23,19,0,0,0,16,0,0,16,0,0,0,0,132,132,0,0,0,13,0,0,0,0,3475,3247,44,23,16,132,29,3475,558,13,174,303,68,2917,2858,20,23,16,0,0,0,0,0,1372,2832,1150,1682
"Census Tract 4.06, Manatee County, Florida",Census Tract 4.06,4.06, Manatee County,081, Florida,12,4411,2098,2313,90.7,132,103,23,200,203,359,306,546,206,397,1081,525,330,61.3,384,4111,4027,3903,2140,1936,1979,2048,96.6,836,1100,76,4411,4369,42,4007,260,0,0,0,0,0,36,0,15,0,0,2,19,0,0,0,0,0,0,66,0,0,42,0,4411,4049,260,0,78,0,66,4411,542,107,77,298,60,3869,3582,190,0,36,0,19,42,0,42,2500,3732,1810,1922
"Census Tract 4.07, Manatee County, Florida",Census Tract 4.07,4.07, Manatee County,081, Florida,12,4642,2158,2484,86.9,272,97,146,141,49,282,269,220,337,408,762,950,709,65.8,612,4099,4030,3986,2651,2421,1842,2188,84.2,1014,1407,72.1,4642,4282,360,4242,40,0,0,0,0,0,0,0,0,0,0,0,0,0,0,0,0,0,0,0,28,13,0,0,4642,4562,68,13,40,0,319,4642,312,7,293,9,3,4330,4209,40,0,0,0,0,81,40,41,2626,3913,1764,2149
"Census Tract 4.09, Manatee County, Florida",Census Tract 4.09,4.09, Manatee County,081, Florida,12,2827,1370,1457,94,10,95,163,121,0,281,260,202,78,364,583,398,272,62.3,364,2559,2463,2438,1468,1253,1096,1367,80.2,551,702,78.5,2827,2776,51,2573,203,0,0,0,0,0,0,0,0,0,0,0,0,0,0,0,0,0,0,0,0,0,22,0,2827,2624,203,0,22,0,29,2827,57,0,0,0,57,2770,2538,203,0,0,0,0,29,29,0,1617,2357,1066,1291
"Census Tract 4.10, Manatee County, Florida",Census Tract 4.10,4.10, Manatee County,081, Florida,12,3085,1440,1645,87.5,108,48,0,40,82,700,137,342,316,276,472,237,327,56.5,196,2929,2889,2889,1203,1036,1380,1509,91.5,487,549,88.7,3085,3033,52,2844,160,0,0,0,0,0,0,0,0,0,0,0,0,0,0,0,0,0,0,29,0,20,0,0,3085,2896,160,20,0,0,61,3085,561,13,336,42,170,2524,2344,160,0,0,0,0,20,0,20,1831,2726,1266,1460
"Census Tract 5.01, Manatee County, Florida",Census Tract 5.01,5.01, Manatee County,081, Florida,12,3058,1436,1622,88.5,132,319,185,147,88,401,423,422,217,257,347,82,38,41.2,760,2386,2298,2275,586,467,1028,1270,80.9,161,306,52.6,3058,2863,195,2435,35,0,0,0,0,0,108,12,14,0,0,0,82,0,0,0,0,0,0,285,105,0,61,0,3058,2630,169,29,198,0,285,3058,637,285,103,87,162,2421,2083,35,0,108,0,0,195,0,195,1224,2151,978,1173
"Census Tract 5.03, Manatee County, Florida",Census Tract 5.03,5.03, Manatee County,081, Florida,12,4405,2002,2403,83.3,127,120,123,256,87,748,287,859,381,270,537,270,340,48,536,4013,3869,3755,1272,1147,1706,2163,78.9,472,675,69.9,4405,4349,56,4013,97,0,0,0,0,0,182,0,6,153,7,0,16,0,0,0,0,0,0,57,0,34,21,0,4405,4069,97,34,203,0,58,4405,101,9,12,0,80,4304,3971,95,0,182,0,0,56,1,55,2033,3833,1701,2132
"Census Tract 5.04, Manatee County, Florida",Census Tract 5.04,5.04, Manatee County,081, Florida,12,3461,1581,1880,84.1,124,90,87,210,333,388,178,574,301,229,559,351,37,52.6,389,3113,3072,2883,1034,947,1401,1671,83.8,243,704,34.5,3461,3409,52,2978,201,12,0,0,0,0,141,0,86,55,0,0,0,0,0,0,0,0,0,77,0,24,22,0,3461,3030,201,36,163,0,83,3461,336,25,51,63,197,3125,2743,183,12,141,0,0,46,0,46,1358,2965,1378,1587
"Census Tract 6.01, Manatee County, Florida",Census Tract 6.01,6.01, Manatee County,081, Florida,12,3135,1433,1702,84.2,370,208,66,160,193,520,263,369,225,231,303,205,22,36.4,709,2434,2426,2321,697,530,1146,1280,89.5,171,359,47.6,3135,2941,194,2531,403,0,0,0,0,0,0,0,0,0,0,0,0,0,0,0,0,0,0,7,42,0,0,0,3135,2709,445,0,23,0,159,3135,782,365,29,20,368,2353,1983,343,0,0,0,0,27,0,27,1315,2233,1029,1204
"Census Tract 6.03, Manatee County, Florida",Census Tract 6.03,6.03, Manatee County,081, Florida,12,3986,1999,1987,100.6,188,206,231,300,99,515,421,553,292,254,484,184,259,46.3,800,3256,3186,3048,1044,927,1451,1735,83.6,357,570,62.6,3986,3919,67,3536,209,0,0,0,0,0,33,7,0,20,0,0,6,0,0,0,0,0,0,141,38,18,11,0,3986,3603,247,18,44,0,141,3986,1038,634,86,0,318,2948,2647,209,0,33,0,0,59,0,59,1999,2769,1229,1540
"Census Tract 6.04, Manatee County, Florida",Census Tract 6.04,6.04, Manatee County,081, Florida,12,3852,1725,2127,81.1,301,91,188,134,168,562,381,527,191,138,485,313,373,49.1,658,3227,3194,3138,1261,1171,1477,1717,86,563,608,92.6,3852,3731,121,3096,509,11,0,0,0,0,15,0,0,15,0,0,0,0,0,0,0,0,0,100,37,0,6,0,3852,3217,555,11,30,0,169,3852,756,501,125,82,48,3096,2570,448,11,15,0,0,52,0,52,2619,2549,1144,1405
"Census Tract 7.03, Manatee County, Florida",Census Tract 7.03,7.03, Manatee County,081, Florida,12,3664,1619,2045,79.2,418,233,178,279,433,442,269,649,78,178,245,173,89,29.8,980,2799,2684,2452,546,507,1081,1603,67.4,155,352,44,3664,3592,72,1974,1542,0,0,0,0,0,16,0,10,0,0,6,0,0,0,0,0,0,0,60,48,7,0,0,3664,2046,1606,23,16,0,61,3664,1168,926,59,19,164,2496,905,1502,0,16,0,18,55,0,55,1064,2421,909,1512
"Census Tract 7.04, Manatee County, Florida",Census Tract 7.04,7.04, Manatee County,081, Florida,12,7195,3257,3938,82.7,691,888,634,413,470,797,1042,705,183,379,599,258,136,33.1,2388,4931,4807,4435,1120,993,2313,2494,92.7,608,385,157.9,7195,7156,39,4325,2316,0,0,0,0,0,41,15,0,26,0,0,0,0,0,0,0,0,0,474,21,18,0,0,7195,4364,2337,18,41,0,474,7195,2830,1698,902,2,228,4365,1969,2316,0,41,0,0,39,0,39,2403,3788,1760,2028
"Census Tract 7.05, Manatee County, Florida",Census Tract 7.05,7.05, Manatee County,081, Florida,12,5762,2529,3233,78.2,337,625,521,606,262,415,627,408,447,223,588,602,101,36.9,1775,4215,3987,3618,1481,1291,1654,2333,70.9,463,828,55.9,5762,5410,352,2683,2470,0,0,0,0,0,10,0,0,0,0,0,10,0,0,0,0,0,0,247,7,23,0,0,5762,2811,2701,23,10,0,569,5762,1622,1035,8,4,575,4140,1657,2450,0,10,0,0,23,0,23,2371,3099,1200,1899
"Census Tract 8.04, Manatee County, Florida",Census Tract 8.04,8.04, Manatee County,081, Florida,12,3476,1737,1739,99.9,190,137,153,197,129,215,239,662,357,250,425,387,135,51,564,2962,2912,2785,1081,947,1384,1528,90.6,416,531,78.3,3476,3456,20,3302,73,28,0,0,0,0,15,0,0,0,15,0,0,0,0,0,0,0,0,38,0,12,8,0,3476,3322,73,40,23,0,38,3476,194,140,28,13,13,3282,3149,73,25,15,0,0,20,0,20,1847,2780,1312,1468
"Census Tract 8.05, Manatee County, Florida",Census Tract 8.05,8.05, Manatee County,081, Florida,12,6908,3027,3881,78,284,306,327,165,142,792,1181,781,606,285,1021,734,284,47.8,1000,5991,5908,5779,2283,2039,2582,3326,77.6,892,1147,77.8,6908,6517,391,5448,541,0,0,0,0,0,461,299,0,83,0,0,79,0,0,0,0,0,0,67,0,23,0,0,6908,5820,560,23,461,0,435,6908,647,349,86,0,212,6261,5236,541,0,461,0,0,23,0,23,3463,5057,1988,3069
"Census Tract 8.08, Manatee County, Florida",Census Tract 8.08,8.08, Manatee County,081, Florida,12,6007,2901,3106,93.4,64,277,146,197,207,435,244,597,472,573,1204,1337,254,63.6,625,5438,5382,5284,3112,2795,2584,2798,92.4,1328,1467,90.5,6007,5892,115,5721,103,0,0,0,0,0,11,0,0,0,0,0,11,0,29,0,29,0,0,28,70,6,7,0,6007,5836,173,16,28,29,50,6007,332,0,72,191,69,5675,5389,103,0,11,29,28,115,22,93,3576,5151,2470,2681
"Census Tract 8.09, Manatee County, Florida",Census Tract 8.09,8.09, Manatee County,081, Florida,12,4949,2323,2626,88.5,115,153,150,208,98,905,400,508,402,615,623,551,221,53.6,498,4519,4451,4323,1682,1395,2029,2422,83.8,526,869,60.5,4949,4897,52,4545,100,0,0,0,0,0,139,0,0,0,0,23,0,116,0,0,0,0,0,113,0,19,10,0,4949,4597,100,24,154,0,131,4949,305,17,18,157,113,4644,4371,100,0,139,0,0,34,0,34,2652,4299,1997,2302
"Census Tract 8.10, Manatee County, Florida",Census Tract 8.10,8.10, Manatee County,081, Florida,12,5389,2466,2923,84.4,202,192,212,261,69,351,391,420,223,167,1510,1045,346,66.8,867,4716,4522,4522,3011,2901,2109,2413,87.4,1345,1556,86.4,5389,5044,345,4693,115,40,22,0,0,0,166,0,142,0,14,10,0,0,0,0,0,0,0,30,85,0,41,0,5389,5038,200,40,207,0,249,5389,342,18,61,0,263,5047,4616,103,22,166,0,0,140,14,126,3466,4226,1976,2250
"Census Tract 8.11, Manatee County, Florida",Census Tract 8.11,8.11, Manatee County,081, Florida,12,3932,1983,1949,101.7,337,286,393,108,150,546,687,538,302,106,235,189,55,36.7,1124,2847,2808,2754,522,479,1382,1426,96.9,196,283,69.3,3932,3887,45,2731,900,0,0,0,0,0,0,0,0,0,0,0,0,0,0,0,0,0,0,256,0,45,0,0,3932,2776,900,45,0,0,256,3932,1294,949,0,0,345,2638,1693,900,0,0,0,0,45,0,45,1274,2466,1265,1201
"Census Tract 8.12, Manatee County, Florida",Census Tract 8.12,8.12, Manatee County,081, Florida,12,6013,2878,3135,91.8,87,403,453,255,486,979,651,646,647,191,638,498,79,42.1,1156,4990,4857,4777,1324,1215,2128,2729,78,518,697,74.3,6013,6013,0,4149,1050,0,0,0,0,0,284,284,0,0,0,0,0,0,0,0,0,0,0,530,0,0,0,0,6013,4149,1050,0,284,0,530,6013,1307,241,117,0,949,4706,3372,1050,0,284,0,0,0,0,0,1787,4649,2059,2590
"Census Tract 8.13, Manatee County, Florida",Census Tract 8.13,8.13, Manatee County,081, Florida,12,4100,2015,2085,96.6,185,217,267,353,24,432,382,681,163,92,833,422,49,47.3,879,3362,3221,3078,1349,1304,1548,1673,92.5,631,673,93.8,4100,3954,146,3326,191,0,0,0,0,0,350,0,49,0,0,0,301,0,0,0,0,0,0,87,62,0,0,0,4100,3472,253,0,350,36,135,4100,538,328,0,128,82,3562,2923,191,0,350,0,0,98,0,98,1401,3130,1482,1648
"Census Tract 8.14, Manatee County, Florida",Census Tract 8.14,8.14, Manatee County,081, Florida,12,3976,1758,2218,79.3,130,202,0,63,72,380,347,454,122,203,1179,666,158,65.1,351,3644,3625,3581,2132,2003,1556,2069,75.2,881,1122,78.5,3976,3952,24,3773,0,0,0,0,0,0,156,0,39,27,0,0,54,36,0,0,0,0,0,23,0,0,24,0,3976,3797,0,0,180,0,23,3976,166,0,23,72,71,3810,3630,0,0,156,0,0,24,0,24,2231,3554,1541,2013
"Census Tract 9.01, Manatee County, Florida",Census Tract 9.01,9.01, Manatee County,081, Florida,12,6160,2934,3226,90.9,499,402,399,216,460,814,760,858,447,211,447,548,99,37.7,1446,4850,4714,4520,1192,1094,2267,2447,92.6,443,651,68,6160,5754,406,4860,652,137,0,0,0,0,49,0,9,6,6,6,22,0,0,0,0,0,0,56,246,20,0,0,6160,5266,904,163,49,0,190,6160,1359,54,469,33,803,4801,3654,652,116,49,0,19,311,44,267,2057,4040,1920,2120
"Census Tract 9.02, Manatee County, Florida",Census Tract 9.02,9.02, Manatee County,081, Florida,12,5953,2705,3248,83.3,319,645,133,199,463,669,727,744,337,624,792,248,53,43.5,1243,4828,4710,4576,1589,1093,2166,2544,85.1,577,516,111.8,5953,5864,89,5067,768,0,0,0,0,0,0,0,0,0,0,0,0,0,0,0,0,0,0,29,64,0,0,0,5953,5156,832,0,0,0,54,5953,501,297,43,0,161,5452,4620,768,0,0,0,0,64,0,64,2361,4653,2135,2518
"Census Tract 10.01, Manatee County, Florida",Census Tract 10.01,10.01, Manatee County,081, Florida,12,2983,1331,1652,80.6,126,93,237,110,147,350,491,380,326,145,291,170,117,43.1,550,2527,2433,2417,695,578,1016,1417,71.7,226,352,64.2,2983,2757,226,2631,0,43,0,0,0,0,0,0,0,0,0,0,0,0,0,0,0,0,0,83,0,10,0,0,2983,2768,0,53,89,0,299,2983,440,72,171,54,143,2543,2424,0,20,0,0,0,99,89,10,1095,2234,972,1262
"Census Tract 10.02, Manatee County, Florida",Census Tract 10.02,10.02, Manatee County,081, Florida,12,3210,1819,1391,130.8,16,71,142,95,56,265,148,198,254,269,859,528,309,66.1,324,2940,2886,2886,1892,1696,1738,1148,151.4,954,742,128.6,3210,3116,94,3116,0,0,0,0,0,0,0,0,0,0,0,0,0,0,0,0,0,0,0,0,0,15,0,0,3210,3210,0,15,0,0,79,3210,657,441,0,0,216,2553,2538,0,0,0,0,0,15,0,15,2255,2666,1637,1029
"Census Tract 11.04, Manatee County, Florida",Census Tract 11.04,11.04, Manatee County,081, Florida,12,4325,1953,2372,82.3,102,62,157,554,275,399,257,383,508,157,709,508,254,54.6,525,3964,3800,3332,1585,1471,1622,2178,74.5,626,845,74.1,4325,4267,58,3707,326,0,0,0,0,0,234,0,160,0,0,0,0,74,0,0,0,0,0,0,0,7,0,0,4325,3759,343,7,245,0,40,4325,492,179,11,0,302,3833,3255,326,0,234,0,0,18,0,18,3091,3300,1441,1859
"Census Tract 11.05, Manatee County, Florida",Census Tract 11.05,11.05, Manatee County,081, Florida,12,3792,1631,2161,75.5,160,116,166,179,229,460,255,407,151,263,497,632,277,52.9,564,3292,3228,3126,1556,1406,1419,1809,78.4,605,801,75.5,3792,3665,127,3173,478,0,0,0,0,0,14,0,0,14,0,0,0,0,0,0,0,0,0,0,66,11,10,0,3792,3300,544,11,24,0,40,3792,401,78,108,0,215,3391,2881,385,0,14,0,0,111,24,87,2466,2962,1271,1691
"Census Tract 11.06, Manatee County, Florida",Census Tract 11.06,11.06, Manatee County,081, Florida,12,4085,1968,2117,93,245,176,364,190,231,528,547,407,197,263,343,235,359,40.4,881,3288,3204,3072,1001,937,1504,1700,88.5,397,540,73.5,4085,4032,53,3214,659,0,0,0,0,0,100,87,7,0,0,0,0,6,0,0,0,0,0,59,33,0,12,0,4085,3267,692,0,112,0,67,4085,899,563,97,118,121,3186,2387,644,0,100,0,2,53,8,45,2297,2775,1237,1538
"Census Tract 11.07, Manatee County, Florida",Census Tract 11.07,11.07, Manatee County,081, Florida,12,4041,2115,1926,109.8,67,83,261,194,90,468,371,620,435,219,709,511,13,54,511,3564,3530,3419,1400,1233,1858,1672,111.1,656,577,113.7,4041,3892,149,3566,84,0,0,0,0,0,182,177,0,0,5,0,0,0,0,0,0,0,0,60,36,32,6,0,4041,3715,120,32,188,0,135,4041,547,217,170,0,160,3494,3154,84,0,182,0,0,74,0,74,2417,3376,1758,1618
"Census Tract 11.08, Manatee County, Florida",Census Tract 11.08,11.08, Manatee County,081, Florida,12,3146,1606,1540,104.3,197,16,29,318,97,231,208,300,230,260,510,547,203,58.5,434,2904,2712,2525,1396,1260,1388,1324,104.8,604,656,92.1,3146,3080,66,3021,18,2,0,0,0,0,32,0,21,10,1,0,0,0,0,0,0,0,0,7,1,0,15,0,3146,3080,19,2,78,0,57,3146,128,17,32,32,47,3018,2951,18,2,32,0,0,15,0,15,2330,2708,1386,1322
"Census Tract 12.02, Manatee County, Florida",Census Tract 12.02,12.02, Manatee County,081, Florida,12,4090,1975,2115,93.4,175,205,206,224,129,288,416,436,359,766,478,289,119,53.9,663,3473,3427,3247,1485,886,1676,1751,95.7,426,460,92.6,4090,3976,114,3839,28,0,0,0,0,0,109,18,0,0,0,0,20,71,0,0,0,0,0,0,11,103,0,0,4090,3953,39,103,109,0,0,4090,132,14,39,0,79,3958,3707,28,0,109,0,0,114,0,114,1889,3340,1628,1712
"Census Tract 12.03, Manatee County, Florida",Census Tract 12.03,12.03, Manatee County,081, Florida,12,4175,1869,2306,81,266,116,201,110,145,281,641,523,373,418,472,281,348,52.6,621,3562,3554,3405,1368,1101,1602,1952,82.1,426,675,63.1,4175,4087,88,3983,23,0,0,0,0,0,80,0,34,0,14,0,17,15,0,0,0,0,0,1,75,0,0,0,4175,4071,98,0,80,0,14,4175,331,0,0,268,63,3844,3653,23,0,80,0,0,88,13,75,2130,3274,1480,1794
"Census Tract 12.04, Manatee County, Florida",Census Tract 12.04,12.04, Manatee County,081, Florida,12,6210,3083,3127,98.6,148,50,280,480,367,477,485,723,626,447,1226,723,178,56.1,904,5551,5306,5143,2458,2127,2618,2688,97.4,1032,1095,94.2,6210,6025,185,5977,0,21,21,0,0,0,27,0,0,27,0,0,0,0,0,0,0,0,0,0,44,126,15,0,6210,6162,44,147,42,0,0,6210,157,0,15,20,122,6053,5820,0,21,27,0,0,185,0,185,3601,5175,2509,2666
"Census Tract 13, Manatee County, Florida",Census Tract 13,13, Manatee County,081, Florida,12,4481,2333,2148,108.6,421,321,285,210,221,881,480,396,393,291,227,253,102,32.7,1123,3423,3358,3227,703,582,1825,1533,119,270,312,86.5,4481,4427,54,3418,965,7,0,7,0,0,29,0,0,0,0,4,25,0,0,0,0,0,0,8,0,0,0,0,4481,3456,1019,45,29,0,24,4481,838,696,86,44,12,3643,2613,965,7,29,0,0,29,0,29,1695,3038,1656,1382
"Census Tract 14.02, Manatee County, Florida",Census Tract 14.02,14.02, Manatee County,081, Florida,12,1619,734,885,82.9,26,9,36,73,38,67,83,209,142,153,383,360,40,64.1,117,1548,1502,1475,831,783,667,835,79.9,360,423,85.1,1619,1611,8,1575,0,21,0,0,0,0,0,0,0,0,0,0,0,0,0,0,0,0,0,15,0,8,0,0,1619,1583,0,29,0,0,15,1619,40,10,26,0,4,1579,1550,0,21,0,0,0,8,0,8,1129,1490,663,827
"Census Tract 14.04, Manatee County, Florida",Census Tract 14.04,14.04, Manatee County,081, Florida,12,3970,2071,1899,109.1,215,318,150,129,174,573,963,359,446,270,200,135,38,37.5,778,3256,3192,3115,519,373,1647,1545,106.6,182,191,95.3,3970,3794,176,3103,601,71,0,0,0,0,8,0,8,0,0,0,0,0,0,0,0,0,0,11,104,15,16,0,3970,3279,705,107,45,20,11,3970,561,464,9,14,74,3409,2561,601,71,0,0,0,176,0,176,1471,3135,1610,1525
"Census Tract 14.05, Manatee County, Florida",Census Tract 14.05,14.05, Manatee County,081, Florida,12,2401,1305,1096,119.1,137,105,271,120,192,222,200,246,162,132,339,255,20,42,633,1823,1768,1768,662,614,994,774,128.4,227,387,58.7,2401,2401,0,2041,218,0,0,0,0,0,42,0,0,0,0,0,18,24,0,0,0,0,0,100,0,0,0,0,2401,2041,218,0,42,0,100,2401,867,837,0,0,30,1534,1274,218,0,42,0,0,0,0,0,1148,1456,714,742
"Census Tract 14.06, Manatee County, Florida",Census Tract 14.06,14.06, Manatee County,081, Florida,12,2174,1127,1047,107.6,35,22,71,144,63,184,137,314,89,95,352,451,217,62.4,236,2046,1938,1870,1115,1020,947,991,95.6,462,558,82.8,2174,2153,21,1979,164,0,0,0,0,0,10,0,10,0,0,0,0,0,0,0,0,0,0,0,21,0,0,0,2174,2000,185,0,10,0,0,2174,267,218,21,0,28,1907,1733,164,0,10,0,0,0,0,0,1629,1914,934,980
"Census Tract 15.01, Manatee County, Florida",Census Tract 15.01,15.01, Manatee County,081, Florida,12,6044,2832,3212,88.2,435,415,474,412,508,656,789,698,348,412,581,316,0,36.1,1569,4518,4475,4076,1228,897,2165,2310,93.7,449,448,100.2,6044,5724,320,2741,2474,0,0,0,0,0,140,0,0,57,0,0,83,0,0,0,0,0,0,369,230,19,0,23,6044,3038,2775,90,140,0,369,6044,1551,1419,69,53,10,4493,1664,2368,0,140,0,11,310,0,310,1734,4120,2060,2060
"Census Tract 15.02, Manatee County, Florida",Census Tract 15.02,15.02, Manatee County,081, Florida,12,6524,2908,3616,80.4,249,768,351,234,405,731,614,800,344,559,678,583,208,44.4,1546,5133,4978,4837,1744,1469,2312,2666,86.7,584,885,66,6524,6373,151,3849,2255,0,0,0,0,0,22,22,0,0,0,0,0,0,0,0,0,0,0,247,101,0,14,0,6524,4000,2367,11,36,0,272,6524,2163,1775,155,119,114,4361,2042,2171,0,22,0,0,126,0,126,2737,3615,1713,1902
"Census Tract 16.02, Manatee County, Florida",Census Tract 16.02,16.02, Manatee County,081, Florida,12,4204,2401,1803,133.2,32,150,130,172,248,694,460,299,291,365,737,379,247,50,434,3879,3770,3690,1511,1363,2195,1575,139.4,569,794,71.7,4204,4077,127,3220,696,26,13,0,0,0,111,0,0,0,0,2,18,91,0,0,0,0,0,24,20,44,0,8,4204,3316,747,78,111,0,79,4204,416,185,51,118,62,3788,2929,677,26,93,0,0,63,0,63,1747,3486,2052,1434
"Census Tract 16.03, Manatee County, Florida",Census Tract 16.03,16.03, Manatee County,081, Florida,12,1428,686,742,92.5,0,0,19,0,0,51,55,42,93,244,470,369,85,68.6,19,1409,1409,1409,1099,924,676,733,92.2,470,454,103.5,1428,1428,0,1334,0,0,0,0,0,0,43,0,43,0,0,0,0,0,0,0,0,0,0,51,0,0,0,0,1428,1334,0,0,43,0,51,1428,51,0,0,0,51,1377,1334,0,0,43,0,0,0,0,0,1243,1299,604,695
"Census Tract 16.04, Manatee County, Florida",Census Tract 16.04,16.04, Manatee County,081, Florida,12,4190,2170,2020,107.4,136,172,285,264,81,246,258,467,231,675,420,791,164,59.4,809,3526,3381,3333,2011,1375,1805,1576,114.5,758,617,122.9,4190,4071,119,3085,707,0,0,0,0,0,8,0,0,0,0,0,0,8,0,0,0,0,0,271,0,34,13,0,4190,3204,707,57,44,0,320,4190,340,182,86,49,23,3850,2992,707,0,8,0,73,70,0,70,2479,3304,1736,1568
"Census Tract 17.01, Manatee County, Florida",Census Tract 17.01,17.01, Manatee County,081, Florida,12,1491,640,851,75.2,15,16,55,15,33,73,55,301,120,125,394,229,60,62.6,99,1398,1392,1387,754,683,616,776,79.4,300,383,78.3,1491,1486,5,1455,13,6,4,0,0,0,12,0,0,8,0,0,2,2,0,0,0,0,0,0,0,3,0,0,1491,1460,13,9,12,0,2,1491,22,3,0,7,12,1469,1435,13,6,12,0,0,3,0,3,2740,1363,600,763
"Census Tract 17.05, Manatee County, Florida",Census Tract 17.05,17.05, Manatee County,081, Florida,12,2574,1192,1382,86.3,0,0,6,26,74,6,139,212,233,443,628,623,184,67.9,17,2568,2557,2542,1755,1435,1186,1371,86.5,688,747,92.1,2574,2545,29,2523,0,0,0,0,0,0,22,14,0,0,0,8,0,0,0,0,0,0,0,0,0,0,29,0,2574,2552,0,0,51,0,0,2574,23,0,0,11,12,2551,2500,0,0,22,0,0,29,0,29,3372,2350,1140,1210
"Census Tract 18.01, Manatee County, Florida",Census Tract 18.01,18.01, Manatee County,081, Florida,12,3474,1610,1864,86.4,76,30,103,12,73,172,146,216,341,509,743,951,102,66.2,209,3265,3265,3202,2165,1796,1593,1672,95.3,818,978,83.6,3474,3474,0,3430,0,0,0,0,0,0,0,0,0,0,0,0,0,0,0,0,0,0,0,44,0,0,0,0,3474,3430,0,0,0,0,44,3474,121,28,15,0,78,3353,3353,0,0,0,0,0,0,0,0,3316,3100,1524,1576
"Census Tract 18.02, Manatee County, Florida",Census Tract 18.02,18.02, Manatee County,081, Florida,12,1305,545,760,71.7,14,39,35,7,10,16,65,72,77,266,341,286,77,67.7,95,1217,1210,1210,837,704,522,688,75.9,276,428,64.5,1305,1305,0,1259,2,41,0,0,0,0,3,0,0,0,3,0,0,0,0,0,0,0,0,0,0,0,0,0,1305,1259,2,41,3,0,0,1305,12,1,0,0,11,1293,1247,2,41,3,0,0,0,0,0,2255,1190,515,675
"Census Tract 19.04, Manatee County, Florida",Census Tract 19.04,19.04, Manatee County,081, Florida,12,7395,3249,4146,78.4,483,556,433,424,302,904,478,1167,606,486,1044,322,190,45.9,1880,5870,5515,5348,1835,1556,2213,3302,67,522,1034,50.5,7395,6176,1219,5604,357,0,0,0,0,0,0,0,0,0,0,0,0,0,0,0,0,0,0,215,122,74,71,0,7395,6823,479,74,71,0,1167,7395,1794,736,431,154,473,5601,4952,357,0,0,0,0,292,25,267,2944,5418,2172,3246
"Census Tract 19.07, Manatee County, Florida",Census Tract 19.07,19.07, Manatee County,081, Florida,12,5142,2517,2625,95.9,169,240,298,229,413,434,520,685,447,280,962,306,159,49,833,4379,4309,4177,1605,1427,2079,2230,93.2,654,773,84.6,5142,5142,0,4310,466,0,0,0,0,0,72,27,11,9,0,0,25,0,0,0,0,0,0,294,0,0,0,0,5142,4310,466,0,72,0,294,5142,988,169,581,71,167,4154,3616,466,0,72,0,0,0,0,0,2788,4212,1994,2218
"Census Tract 19.08, Manatee County, Florida",Census Tract 19.08,19.08, Manatee County,081, Florida,12,7366,3384,3982,85,126,327,214,303,261,445,475,1072,497,565,1748,1067,266,59.6,857,6650,6509,6243,3470,3081,2965,3544,83.7,1419,1662,85.4,7366,7069,297,6539,283,21,0,0,0,0,97,63,0,0,0,0,0,34,0,0,0,0,0,129,0,0,7,0,7366,6671,448,21,104,0,419,7366,454,44,0,55,355,6912,6385,273,21,97,0,129,7,0,7,4418,6310,2918,3392
"Census Tract 19.09, Manatee County, Florida",Census Tract 19.09,19.09, Manatee County,081, Florida,12,3069,1636,1433,114.2,42,81,44,107,97,177,114,312,369,475,731,440,80,63.9,220,2902,2849,2714,1641,1251,1534,1315,116.7,682,569,119.9,3069,3016,53,2940,60,0,0,0,0,0,16,5,0,2,9,0,0,0,0,0,0,0,0,0,0,2,12,0,3069,2954,99,2,28,0,39,3069,100,0,14,15,71,2969,2840,60,0,16,0,0,53,39,14,1602,2832,1534,1298
"Census Tract 19.10, Manatee County, Florida",Census Tract 19.10,19.10, Manatee County,081, Florida,12,5644,2658,2986,89,267,255,403,343,266,491,535,819,511,242,1035,333,144,48.5,1189,4560,4455,4345,1669,1512,2017,2438,82.7,711,801,88.8,5644,5574,70,5264,171,0,0,0,0,0,139,0,58,46,0,0,0,35,0,0,0,0,0,0,0,27,43,0,5644,5334,171,27,182,0,0,5644,532,107,204,24,197,5112,4778,153,0,111,0,0,70,0,70,2266,4348,1979,2369
"Census Tract 19.11, Manatee County, Florida",Census Tract 19.11,19.11, Manatee County,081, Florida,12,7337,3633,3704,98.1,539,522,392,269,230,758,1301,858,185,543,1090,613,37,42.6,1633,5821,5704,5591,2030,1740,2777,2927,94.9,801,939,85.3,7337,6997,340,6354,99,0,0,0,0,0,368,101,96,39,0,0,89,43,0,0,0,0,0,176,139,0,145,0,7337,6694,238,0,513,0,232,7337,1178,262,706,42,168,6159,5412,99,0,368,0,22,258,0,258,3059,5531,2692,2839
"Census Tract 19.13, Manatee County, Florida",Census Tract 19.13,19.13, Manatee County,081, Florida,12,4810,2352,2458,95.7,148,269,415,272,278,409,515,869,417,284,636,226,72,46.6,1016,3917,3794,3616,1114,934,1810,1984,91.2,445,489,91,4810,4555,255,4114,286,0,0,0,0,0,85,7,0,54,0,0,17,7,0,0,0,0,0,70,37,26,29,0,4810,4320,382,105,135,0,212,4810,316,22,44,53,197,4494,3972,286,0,85,0,0,151,38,113,1737,3732,1788,1944
"Census Tract 19.14, Manatee County, Florida",Census Tract 19.14,19.14, Manatee County,081, Florida,12,2837,1616,1221,132.4,91,85,79,285,188,425,316,592,165,104,417,85,5,43.4,430,2549,2407,2231,543,507,1383,1024,135.1,354,153,231.4,2837,2660,177,2624,0,0,0,0,0,0,36,3,20,6,0,0,0,7,0,0,0,0,0,0,0,0,16,0,2837,2801,0,0,52,0,161,2837,304,114,121,12,57,2533,2469,0,0,36,0,0,28,12,16,973,2334,1317,1017
"Census Tract 19.15, Manatee County, Florida",Census Tract 19.15,19.15, Manatee County,081, Florida,12,3587,1743,1844,94.5,105,137,63,142,106,366,886,619,162,179,608,91,123,45,418,3169,3169,3107,963,822,1565,1604,97.6,452,370,122.2,3587,3538,49,3391,115,0,0,0,0,0,32,0,0,0,0,0,32,0,0,0,0,0,0,0,30,19,0,0,3587,3440,145,19,32,0,0,3587,79,0,30,49,0,3508,3342,115,0,32,0,0,19,0,19,1141,3086,1528,1558
"Census Tract 19.16, Manatee County, Florida",Census Tract 19.16,19.16, Manatee County,081, Florida,12,4220,2017,2203,91.6,190,215,247,255,196,401,644,682,232,168,670,248,72,44.7,803,3488,3417,3302,1099,990,1642,1775,92.5,435,555,78.4,4220,3926,294,3679,102,11,0,0,0,0,81,8,23,23,0,0,0,27,0,0,0,0,0,53,49,10,157,0,4220,3973,151,21,238,78,53,4220,262,42,99,73,48,3958,3498,102,11,81,0,0,266,0,266,1825,3266,1606,1660
"Census Tract 20.03, Manatee County, Florida",Census Tract 20.03,20.03, Manatee County,081, Florida,12,6397,3356,3041,110.4,234,451,446,158,240,990,752,604,284,415,1466,265,92,43.4,1244,5193,5153,5086,2099,1823,2510,2643,95,899,924,97.3,6397,5858,539,5513,168,0,0,0,0,0,45,16,0,0,0,7,22,0,0,0,0,0,0,132,139,0,46,0,6397,6052,307,0,91,0,486,6397,809,482,32,223,72,5588,5190,168,0,45,0,0,185,0,185,3031,4961,2372,2589
"Census Tract 20.05, Manatee County, Florida",Census Tract 20.05,20.05, Manatee County,081, Florida,12,5612,2514,3098,81.1,187,169,269,44,110,429,239,595,502,724,1013,1093,238,60.7,669,4959,4943,4943,2593,2344,2195,2748,79.9,1059,1285,82.4,5612,5413,199,4808,29,0,0,0,0,0,550,0,37,149,0,0,360,4,26,0,0,26,0,0,4,0,0,0,5612,4964,33,10,603,26,185,5612,453,194,46,29,184,5159,4497,29,0,550,26,0,57,43,14,3149,4714,2104,2610
"Census Tract 20.08, Manatee County, Florida",Census Tract 20.08,20.08, Manatee County,081, Florida,12,5849,3028,2821,107.3,264,270,313,206,468,609,783,743,424,576,682,355,156,45.1,1006,4966,4843,4690,1412,1193,2556,2287,111.8,583,610,95.6,5849,5671,178,5367,0,0,0,0,0,0,219,77,128,14,0,0,0,0,0,0,0,0,0,85,0,42,14,0,5849,5545,0,42,233,0,207,5849,842,228,188,27,399,5007,4732,0,0,219,0,0,56,0,56,2324,4523,2342,2181
"Census Tract 20.10, Manatee County, Florida",Census Tract 20.10,20.10, Manatee County,081, Florida,12,3923,2162,1761,122.8,80,303,334,433,337,272,462,457,423,378,299,84,61,41.4,1037,3060,2886,2636,694,444,1464,1422,103,232,212,109.4,3923,3834,89,3785,3,0,0,0,0,0,46,0,22,0,0,0,0,24,0,0,0,0,0,0,14,9,0,0,3923,3854,17,9,66,20,46,3923,624,352,78,0,194,3299,3170,3,0,46,0,0,80,37,43,1291,2844,1447,1397
"Census Tract 20.11, Manatee County, Florida",Census Tract 20.11,20.11, Manatee County,081, Florida,12,3895,2035,1860,109.4,224,232,266,112,158,788,389,532,171,213,495,148,167,39.1,752,3164,3143,2931,935,810,1531,1612,95,405,405,100,3895,3674,221,3016,354,0,0,0,0,0,294,104,190,0,0,0,0,0,0,0,0,0,0,10,198,9,14,0,3895,3237,552,9,308,0,10,3895,773,106,80,75,512,3122,2243,354,0,294,0,10,221,0,221,2064,2699,1371,1328
"Census Tract 20.12, Manatee County, Florida",Census Tract 20.12,20.12, Manatee County,081, Florida,12,4793,2343,2450,95.6,254,242,178,293,200,493,628,756,392,430,453,262,212,47.2,875,4081,3918,3789,1181,927,1853,2065,89.7,468,459,102,4793,4659,134,4285,174,39,26,0,0,0,86,30,0,0,0,0,56,0,50,35,0,0,15,25,0,5,0,0,4793,4382,188,67,123,50,117,4793,365,33,69,68,195,4428,4045,174,39,86,50,6,28,9,19,1841,3876,1820,2056
"Census Tract 20.14, Manatee County, Florida",Census Tract 20.14,20.14, Manatee County,081, Florida,12,6685,3113,3572,87.2,422,226,394,695,314,426,815,745,607,752,691,400,198,45.3,1499,5338,5186,4847,1544,1289,2467,2719,90.7,675,614,109.9,6685,6600,85,6403,97,0,0,0,0,0,100,0,6,45,0,11,38,0,0,0,0,0,0,0,48,0,37,0,6685,6488,145,0,137,0,0,6685,230,4,20,10,196,6455,6173,97,0,100,0,0,85,0,85,2418,5087,2408,2679
"Census Tract 20.16, Manatee County, Florida",Census Tract 20.16,20.16, Manatee County,081, Florida,12,5119,2337,2782,84,52,149,339,58,27,138,317,526,324,451,1637,845,256,66.5,598,4564,4521,4511,3066,2738,2104,2417,87.1,1311,1427,91.9,5119,5083,36,4797,104,0,0,0,0,0,154,18,0,0,14,99,0,23,0,0,0,0,0,28,0,0,36,0,5119,4833,104,0,190,0,28,5119,222,59,34,56,73,4897,4575,104,0,154,0,28,36,0,36,3198,4301,1985,2316
"Census Tract 20.17, Manatee County, Florida",Census Tract 20.17,20.17, Manatee County,081, Florida,12,3963,1808,2155,83.9,116,135,267,278,253,457,339,582,349,207,455,275,250,47.4,735,3413,3228,3111,1099,980,1341,1887,71.1,439,541,81.1,3963,3817,146,3607,29,129,0,0,0,0,52,29,0,13,5,5,0,0,0,0,0,0,0,0,77,1,19,17,3963,3736,123,147,71,0,32,3963,418,56,76,14,272,3545,3215,29,129,52,0,0,120,6,114,2048,3039,1239,1800
"Census Tract 20.18, Manatee County, Florida",Census Tract 20.18,20.18, Manatee County,081, Florida,12,6634,3466,3168,109.4,255,630,765,268,135,379,689,1156,509,441,675,499,233,47.1,1819,4908,4815,4716,1503,1407,2387,2428,98.3,570,837,68.1,6634,6510,124,5928,0,0,0,0,0,0,559,20,0,0,0,25,491,23,23,23,0,0,0,0,0,0,124,0,6634,6052,0,0,683,23,0,6634,1122,79,248,99,696,5512,4806,0,0,559,23,0,124,0,124,2348,4677,2387,2290
"Census Tract 20.19, Manatee County, Florida",Census Tract 20.19,20.19, Manatee County,081, Florida,12,4972,2590,2382,108.7,297,358,111,185,464,386,658,379,355,347,1042,347,43,48.6,837,4153,4135,3949,1666,1432,2117,2018,104.9,853,579,147.3,4972,4635,337,4137,207,0,0,0,0,0,158,131,27,0,0,0,0,0,0,0,0,0,0,133,164,0,73,0,4972,4474,371,0,240,0,233,4972,557,122,141,0,294,4415,3853,181,0,158,0,0,223,0,223,2580,3906,1984,1922
"Census Tract 20.20, Manatee County, Florida",Census Tract 20.20,20.20, Manatee County,081, Florida,12,2940,1518,1422,106.8,71,20,241,313,215,167,235,731,342,143,429,33,0,49.1,523,2455,2417,2224,528,462,1133,1284,88.2,237,225,105.3,2940,2940,0,2893,32,0,0,0,0,0,15,0,0,0,0,0,15,0,0,0,0,0,0,0,0,0,0,0,2940,2893,32,0,15,0,0,2940,287,14,31,0,242,2653,2606,32,0,15,0,0,0,0,0,1309,2388,1104,1284
"Census Tract 20.21, Manatee County, Florida",Census Tract 20.21,20.21, Manatee County,081, Florida,12,5318,2937,2381,123.4,311,286,202,26,191,201,922,313,296,518,1541,301,210,59,799,4519,4519,4467,2251,2052,2595,1924,134.9,1405,647,217.2,5318,5092,226,4957,60,0,0,0,0,0,75,0,0,36,39,0,0,0,0,0,0,0,0,0,0,0,0,0,5318,5183,60,68,75,0,226,5318,439,68,14,0,357,4879,4772,32,0,75,0,0,0,0,0,2557,4354,2522,1832
"Census Tract 20.22, Manatee County, Florida",Census Tract 20.22,20.22, Manatee County,081, Florida,12,1366,664,702,94.6,107,27,31,76,124,143,77,135,143,165,243,45,50,50.2,206,1199,1160,1092,373,338,575,585,98.3,183,155,118.1,1366,1366,0,1318,0,0,0,0,0,0,48,21,0,0,0,0,0,27,0,0,0,0,0,0,0,0,0,0,1366,1318,0,0,48,0,0,1366,56,0,0,56,0,1310,1262,0,0,48,0,0,0,0,0,583,1160,575,585
"Census Tract 20.23, Manatee County, Florida",Census Tract 20.23,20.23, Manatee County,081, Florida,12,7462,3640,3822,95.2,750,354,821,554,316,428,708,607,426,825,1268,342,63,41.8,2278,5404,5184,4903,2074,1673,2484,2700,92,863,810,106.5,7462,6561,901,6319,126,0,0,0,0,0,79,14,23,0,0,0,0,42,0,0,0,0,0,37,784,0,0,0,7462,7201,910,19,79,0,154,7462,634,123,290,20,201,6828,6121,106,0,79,0,0,522,0,522,2751,5042,2366,2676
"Census Tract 20.24, Manatee County, Florida",Census Tract 20.24,20.24, Manatee County,081, Florida,12,3177,1445,1732,83.4,40,0,223,52,101,134,205,365,560,384,856,149,108,58.8,315,2914,2862,2862,1444,1113,1286,1576,81.6,449,664,67.6,3177,2981,196,2635,46,0,0,0,0,0,284,17,267,0,0,0,0,0,0,0,0,0,0,16,0,0,0,0,3177,2831,46,0,284,0,212,3177,249,0,237,0,12,2928,2582,46,0,284,0,16,0,0,0,2135,2410,1115,1295
"Census Tract 20.25, Manatee County, Florida",Census Tract 20.25,20.25, Manatee County,081, Florida,12,6448,2787,3661,76.1,270,314,379,342,535,537,559,1455,533,143,831,396,154,48.6,1117,5433,5331,5046,1524,1381,2256,3075,73.4,780,601,129.8,6448,6311,137,5225,283,0,0,0,0,0,803,0,0,0,0,0,803,0,0,0,0,0,0,0,0,137,0,0,6448,5362,283,137,803,0,0,6448,1088,75,0,107,906,5360,4137,283,0,803,0,0,137,0,137,2900,4613,2094,2519
"Census Tract 9900, Manatee County, Florida",Census Tract 9900,9900, Manatee County,081, Florida,12,0,0,0,-,0,0,0,0,0,0,0,0,0,0,0,0,0,-,0,0,0,0,0,0,0,0,-,0,0,-,0,0,0,0,0,0,0,0,0,0,0,0,0,0,0,0,0,0,0,0,0,0,0,0,0,0,0,0,0,0,0,0,0,0,0,0,0,0,0,0,0,0,0,0,0,0,0,0,0,0,0,0,0,0,0
"Census Tract 1.02, Sarasota County, Florida",Census Tract 1.02,1.02, Sarasota County,115, Florida,12,4563,2631,1932,136.2,196,101,51,172,395,1028,537,671,364,255,373,150,270,39.8,456,4156,4107,4035,956,793,2420,1687,143.4,416,377,110.3,4563,4279,284,3605,452,0,0,0,0,0,103,0,41,50,0,0,12,0,0,0,0,0,0,119,7,31,46,0,4563,3794,558,52,252,46,182,4563,950,547,74,24,305,3613,2837,452,0,103,0,0,221,0,221,2389,3536,2120,1416
"Census Tract 1.03, Sarasota County, Florida",Census Tract 1.03,1.03, Sarasota County,115, Florida,12,3528,1419,2109,67.3,71,56,0,28,49,348,267,229,105,113,975,990,297,70.5,127,3401,3401,3341,2324,2262,1343,2058,65.3,731,1531,47.7,3528,3359,169,3036,274,0,0,0,0,0,49,29,0,0,0,4,16,0,0,0,0,0,0,0,0,0,0,0,3528,3205,320,0,95,0,169,3528,231,15,108,17,91,3297,2989,259,0,49,0,0,0,0,0,3181,3332,1294,2038
"Census Tract 1.04, Sarasota County, Florida",Census Tract 1.04,1.04, Sarasota County,115, Florida,12,1340,676,664,101.8,0,0,27,24,0,45,48,121,139,172,329,396,39,68,51,1289,1289,1289,893,764,625,664,94.1,401,363,110.5,1340,1285,55,1263,1,0,0,0,0,0,21,0,0,13,0,0,0,8,0,0,0,0,0,0,0,44,11,0,1340,1318,1,44,32,0,0,1340,62,0,35,0,27,1278,1201,1,0,21,0,0,55,0,55,1307,1240,576,664
"Census Tract 2, Sarasota County, Florida",Census Tract 2,2, Sarasota County,115, Florida,12,5486,2566,2920,87.9,355,122,548,181,569,686,571,552,269,306,444,344,539,39,1046,4440,4440,4122,1573,1327,2094,2346,89.3,480,847,56.7,5486,5231,255,3400,1563,15,0,15,0,0,94,17,45,0,0,24,8,0,0,0,0,0,0,159,160,8,9,2,5486,3653,1725,25,103,0,235,5486,1182,818,60,183,121,4304,2355,1563,15,94,0,98,179,0,179,2176,3818,1697,2121
"Census Tract 3, Sarasota County, Florida",Census Tract 3,3, Sarasota County,115, Florida,12,4082,1791,2291,78.2,308,401,207,259,167,604,610,391,268,266,309,168,124,35.8,1073,3096,3009,2879,746,601,1291,1718,75.1,201,400,50.3,4082,3928,154,510,3418,0,0,0,0,0,0,0,0,0,0,0,0,0,0,0,0,0,0,0,48,0,0,33,4082,600,3530,33,31,0,42,4082,335,156,23,103,53,3747,251,3401,0,0,0,0,95,0,95,1598,2811,1144,1667
"Census Tract 4.01, Sarasota County, Florida",Census Tract 4.01,4.01, Sarasota County,115, Florida,12,4451,2252,2199,102.4,159,209,327,243,236,706,433,585,341,496,589,80,47,42.5,856,3604,3595,3513,1028,716,1714,1881,91.1,364,352,103.4,4451,4143,308,3173,711,49,34,0,0,0,166,0,0,166,0,0,0,0,0,0,0,0,0,44,17,23,0,0,4451,3456,753,72,191,0,287,4451,961,253,45,249,414,3490,2490,711,49,166,0,0,74,9,65,2334,3142,1527,1615
"Census Tract 4.04, Sarasota County, Florida",Census Tract 4.04,4.04, Sarasota County,115, Florida,12,1230,545,685,79.6,28,9,0,0,9,53,13,65,147,185,408,187,126,66.8,37,1193,1193,1193,868,721,518,675,76.7,269,452,59.5,1230,1192,38,1148,9,0,0,0,0,0,27,5,0,7,0,15,0,0,0,0,0,0,0,8,0,2,0,0,1230,1186,9,2,27,4,40,1230,61,0,0,30,31,1169,1127,9,0,27,0,0,6,0,6,934,1163,507,656
"Census Tract 4.05, Sarasota County, Florida",Census Tract 4.05,4.05, Sarasota County,115, Florida,12,3687,1789,1898,94.3,241,318,183,70,201,707,543,361,177,251,341,172,122,35.9,792,2911,2895,2851,754,635,1314,1581,83.1,244,391,62.4,3687,3649,38,3339,258,0,0,0,0,0,0,0,0,0,0,0,0,0,0,0,0,0,0,52,0,38,0,0,3687,3377,258,38,0,0,52,3687,788,598,19,113,58,2899,2641,258,0,0,0,0,0,0,0,1413,2497,1054,1443
"Census Tract 4.06, Sarasota County, Florida",Census Tract 4.06,4.06, Sarasota County,115, Florida,12,3733,1936,1797,107.7,114,94,71,173,125,855,318,572,263,135,419,265,329,45.9,410,3366,3323,3254,1084,1013,1670,1653,101,358,655,54.7,3733,3702,31,3221,481,0,0,0,0,0,0,0,0,0,0,0,0,0,0,0,0,0,0,0,14,0,0,0,3733,3252,495,0,0,0,17,3733,1376,504,12,503,357,2357,2163,163,0,0,0,0,31,17,14,1696,2538,1323,1215
"Census Tract 4.07, Sarasota County, Florida",Census Tract 4.07,4.07, Sarasota County,115, Florida,12,4765,1872,2893,64.7,279,352,288,293,249,627,666,621,391,262,421,162,154,38.9,1135,3820,3630,3553,890,737,1385,2245,61.7,247,490,50.4,4765,4600,165,3535,709,50,0,0,0,0,223,0,0,144,11,12,0,56,0,0,0,0,0,83,0,0,0,0,4765,3700,709,50,223,0,248,4765,1645,721,48,435,441,3120,2203,694,0,223,0,0,0,0,0,2288,2980,1131,1849
"Census Tract 5.01, Sarasota County, Florida",Census Tract 5.01,5.01, Sarasota County,115, Florida,12,1693,736,957,76.9,48,52,37,45,20,185,69,215,122,188,379,294,39,61.6,171,1552,1522,1511,833,712,668,854,78.2,310,402,77.1,1693,1603,90,1569,0,15,0,0,0,0,9,0,5,4,0,0,0,0,0,0,0,0,0,10,0,0,18,0,1693,1659,33,48,45,0,49,1693,69,0,16,0,53,1624,1549,0,15,9,0,0,51,0,51,1142,1426,609,817
"Census Tract 5.02, Sarasota County, Florida",Census Tract 5.02,5.02, Sarasota County,115, Florida,12,3058,1482,1576,94,132,72,103,214,54,392,247,452,220,391,364,149,268,53.1,452,2735,2606,2537,1066,781,1145,1461,78.4,312,469,66.5,3058,3032,26,2836,156,26,0,0,0,0,0,0,0,0,0,0,0,0,0,0,0,0,0,14,15,0,0,0,3058,2862,182,37,0,0,14,3058,259,156,61,0,42,2799,2602,156,26,0,0,0,15,0,15,1710,2455,1110,1345
"Census Tract 5.03, Sarasota County, Florida",Census Tract 5.03,5.03, Sarasota County,115, Florida,12,3950,1713,2237,76.6,107,114,173,176,303,255,348,367,296,578,465,455,313,57.8,473,3529,3477,3333,1606,1233,1529,1948,78.5,371,862,43,3950,3806,144,3466,151,0,0,0,0,0,102,0,0,0,71,0,31,0,0,0,0,0,0,87,81,7,18,0,3950,3610,232,7,129,0,125,3950,550,103,21,123,303,3400,3128,151,0,31,0,0,90,0,90,2414,3222,1395,1827
"Census Tract 6.01, Sarasota County, Florida",Census Tract 6.01,6.01, Sarasota County,115, Florida,12,2292,1173,1119,104.8,103,127,180,121,37,91,294,521,79,88,435,148,68,48.9,485,1846,1807,1761,694,651,890,917,97.1,322,329,97.9,2292,2229,63,2167,14,0,0,0,0,0,48,20,20,8,0,0,0,0,0,0,0,0,0,0,0,0,32,0,2292,2230,14,0,96,0,31,2292,120,11,15,16,78,2172,2062,14,0,48,0,0,48,0,48,1126,1764,850,914
"Census Tract 6.02, Sarasota County, Florida",Census Tract 6.02,6.02, Sarasota County,115, Florida,12,3542,1589,1953,81.4,79,138,222,175,40,300,464,570,362,327,613,163,89,51.4,550,3064,2992,2928,1117,865,1382,1610,85.8,393,472,83.3,3542,3268,274,3074,55,0,0,0,0,0,139,21,8,12,0,8,90,0,0,0,0,0,0,0,38,16,88,0,3542,3348,93,16,227,0,132,3542,323,40,17,10,256,3219,2905,42,0,127,0,0,145,10,135,1922,2899,1315,1584
"Census Tract 7, Sarasota County, Florida",Census Tract 7,7, Sarasota County,115, Florida,12,3184,1474,1710,86.2,0,0,77,8,14,0,64,90,199,539,1468,472,253,67.5,85,3107,3099,3099,2501,2193,1412,1687,83.7,950,1243,76.4,3184,3143,41,3020,0,0,0,0,0,0,114,0,6,108,0,0,0,0,0,0,0,0,0,9,0,0,0,0,3184,3051,0,0,124,0,50,3184,122,27,58,10,27,3062,2938,0,0,114,0,0,10,10,0,3317,3044,1387,1657
"Census Tract 8.01, Sarasota County, Florida",Census Tract 8.01,8.01, Sarasota County,115, Florida,12,2190,1101,1089,101.1,0,10,42,11,0,67,80,39,127,274,771,575,194,72,63,2127,2127,2127,1688,1540,1060,1067,99.3,811,729,111.2,2190,2117,73,2053,12,19,0,0,0,0,33,0,22,11,0,0,0,0,0,0,0,0,0,0,0,0,44,0,2190,2126,12,19,77,0,29,2190,93,19,45,0,29,2097,1989,12,19,33,0,0,44,0,44,2722,2050,1011,1039
"Census Tract 8.02, Sarasota County, Florida",Census Tract 8.02,8.02, Sarasota County,115, Florida,12,2535,1207,1328,90.9,0,0,0,0,0,21,67,77,74,247,931,861,257,73.1,0,2535,2535,2535,2234,2049,1207,1328,90.9,1039,1010,102.9,2535,2524,11,2516,0,0,0,0,0,0,8,8,0,0,0,0,0,0,0,0,0,0,0,0,0,0,11,0,2535,2527,0,0,19,0,0,2535,47,0,0,10,37,2488,2469,0,0,8,0,0,11,0,11,3080,2440,1156,1284
"Census Tract 9, Sarasota County, Florida",Census Tract 9,9, Sarasota County,115, Florida,12,2502,1317,1185,111.1,54,88,59,104,252,261,225,382,216,320,188,273,80,51.3,305,2264,2197,2192,770,541,1173,1024,114.6,244,297,82.2,2502,2466,36,2439,27,0,0,0,0,0,0,0,0,0,0,0,0,0,0,0,0,0,0,0,0,0,0,0,2502,2475,27,0,0,0,36,2502,131,10,78,0,43,2371,2344,27,0,0,0,0,0,0,0,1443,2140,1132,1008
"Census Tract 10, Sarasota County, Florida",Census Tract 10,10, Sarasota County,115, Florida,12,3772,1757,2015,87.2,62,93,197,359,567,507,371,424,230,189,468,285,20,36.2,443,3420,3329,2860,902,773,1478,1851,79.8,308,465,66.2,3772,3646,126,2828,605,7,0,0,0,0,184,5,10,7,0,25,137,0,0,0,0,0,0,22,45,8,30,0,3772,2954,650,15,214,0,65,3772,600,339,43,131,87,3172,2327,579,7,184,0,0,75,0,75,1652,3014,1371,1643
"Census Tract 11.01, Sarasota County, Florida",Census Tract 11.01,11.01, Sarasota County,115, Florida,12,4771,2253,2518,89.5,282,113,112,188,163,567,360,420,277,393,993,658,245,58.6,640,4264,4131,4038,2145,1896,1961,2170,90.4,764,1132,67.5,4771,4528,243,3621,758,0,0,0,0,0,0,0,0,0,0,0,0,0,0,0,0,0,0,149,57,0,0,0,4771,3864,815,0,0,0,335,4771,1193,523,117,337,216,3578,2772,682,0,0,0,67,57,0,57,2656,3822,1839,1983
"Census Tract 11.02, Sarasota County, Florida",Census Tract 11.02,11.02, Sarasota County,115, Florida,12,6144,3190,2954,108,331,459,491,325,371,503,856,837,430,380,480,547,134,42.1,1416,4831,4728,4397,1389,1161,2275,2453,92.7,592,569,104,6144,5916,228,4730,1186,0,0,0,0,0,0,0,0,0,0,0,0,0,0,0,0,0,0,0,18,37,0,0,6144,4936,1226,37,0,22,151,6144,1852,864,138,535,315,4292,3043,1186,0,0,0,0,63,0,63,2492,4079,1980,2099
"Census Tract 12.02, Sarasota County, Florida",Census Tract 12.02,12.02, Sarasota County,115, Florida,12,4027,2063,1964,105,165,89,181,296,412,583,282,582,418,187,429,254,149,45.1,603,3564,3424,3275,958,832,1647,1777,92.7,347,485,71.5,4027,3625,402,3320,222,0,0,0,0,0,0,0,0,0,0,0,0,0,0,0,0,0,0,83,0,13,0,0,4027,3722,222,13,0,0,472,4027,1601,533,165,394,509,2426,2196,166,0,0,0,51,13,0,13,1619,3029,1520,1509
"Census Tract 12.03, Sarasota County, Florida",Census Tract 12.03,12.03, Sarasota County,115, Florida,12,4239,1930,2309,83.6,31,0,60,203,68,27,85,422,182,468,1034,1107,552,69.9,207,4135,4032,3945,3075,2693,1822,2210,82.4,1135,1558,72.8,4239,4239,0,4172,0,0,0,0,0,0,5,0,0,5,0,0,0,0,0,0,0,0,0,62,0,0,0,0,4239,4172,0,0,5,0,62,4239,295,0,154,79,62,3944,3939,0,0,5,0,0,0,0,0,3317,3737,1722,2015
"Census Tract 12.04, Sarasota County, Florida",Census Tract 12.04,12.04, Sarasota County,115, Florida,12,4620,2247,2373,94.7,135,179,74,183,204,645,421,461,489,246,699,662,222,55.1,469,4201,4151,3997,1702,1583,2025,2126,95.2,681,902,75.5,4620,4514,106,4068,307,3,0,0,0,0,113,0,9,37,0,0,39,28,0,0,0,0,0,23,18,10,41,0,4620,4174,325,13,154,5,55,4620,155,36,0,33,86,4465,3971,307,0,113,0,0,74,0,74,2555,3794,1888,1906
"Census Tract 12.05, Sarasota County, Florida",Census Tract 12.05,12.05, Sarasota County,115, Florida,12,4605,2234,2371,94.2,214,153,188,427,282,637,340,577,435,253,566,368,165,45.5,897,3984,3708,3541,1234,1099,1734,1974,87.8,379,720,52.6,4605,4333,272,4059,98,0,0,0,0,0,126,0,0,12,0,60,0,54,0,0,0,0,0,50,20,0,9,0,4605,4331,160,42,135,0,251,4605,1411,531,22,43,815,3194,2899,81,0,126,0,17,71,0,71,2134,3526,1645,1881
"Census Tract 12.06, Sarasota County, Florida",Census Tract 12.06,12.06, Sarasota County,115, Florida,12,3388,1528,1860,82.2,110,18,50,157,384,433,385,441,238,453,442,224,53,48.7,265,3180,3123,2985,901,719,1451,1672,86.8,295,424,69.6,3388,3044,344,2749,84,0,0,0,0,0,0,0,0,0,0,0,0,0,0,0,0,0,0,211,292,11,41,0,3388,3093,376,11,41,0,211,3388,334,0,30,221,83,3054,2576,84,0,0,0,211,183,0,183,1462,2717,1239,1478
"Census Tract 13.01, Sarasota County, Florida",Census Tract 13.01,13.01, Sarasota County,115, Florida,12,3750,1872,1878,99.7,38,89,95,175,324,554,534,395,318,372,369,306,181,46.3,360,3462,3390,3293,1107,856,1669,1721,97,330,526,62.7,3750,3538,212,3346,9,0,0,0,0,0,169,32,77,0,0,0,60,0,0,0,0,0,0,14,5,5,15,0,3750,3558,14,10,184,0,201,3750,749,131,86,186,346,3001,2786,9,0,169,0,0,37,12,25,1709,2981,1425,1556
"Census Tract 13.02, Sarasota County, Florida",Census Tract 13.02,13.02, Sarasota County,115, Florida,12,4223,1717,2506,68.5,296,177,108,194,236,524,519,470,288,286,494,271,360,45.7,727,3566,3496,3413,1299,1125,1416,2080,68.1,339,786,43.1,4223,4160,63,3906,2,0,0,0,0,0,117,0,30,0,0,0,53,34,0,0,0,0,0,135,0,13,50,0,4223,3969,2,13,167,0,135,4223,814,522,60,143,89,3409,3234,2,0,115,0,37,21,0,21,1961,3356,1402,1954
"Census Tract 13.03, Sarasota County, Florida",Census Tract 13.03,13.03, Sarasota County,115, Florida,12,3286,1637,1649,99.3,133,180,170,220,118,245,304,504,321,174,330,267,320,51,606,2768,2680,2520,997,917,1261,1419,88.9,410,507,80.9,3286,3179,107,2992,0,4,4,0,0,0,143,0,18,14,0,0,102,9,0,0,0,0,0,40,13,0,25,0,3286,3099,23,4,178,0,99,3286,428,51,32,129,216,2858,2657,0,4,143,0,6,48,0,48,1509,2560,1209,1351
"Census Tract 13.04, Sarasota County, Florida",Census Tract 13.04,13.04, Sarasota County,115, Florida,12,2304,1091,1213,89.9,74,122,141,63,20,216,163,288,154,216,418,358,71,57.2,376,1959,1928,1904,993,847,894,1034,86.5,398,449,88.6,2304,2104,200,2083,0,5,5,0,0,0,0,0,0,0,0,0,0,0,0,0,0,0,0,16,0,4,7,0,2304,2283,0,9,7,0,205,2304,325,73,65,109,78,1979,1963,0,5,0,0,0,11,0,11,1162,1911,883,1028
"Census Tract 14.02, Sarasota County, Florida",Census Tract 14.02,14.02, Sarasota County,115, Florida,12,4832,2273,2559,88.8,466,264,162,330,213,802,655,592,320,289,579,121,39,37,1108,3853,3724,3528,929,739,1718,2006,85.6,349,390,89.5,4832,4767,65,4571,65,0,0,0,0,0,112,5,0,0,0,17,0,90,0,0,0,0,0,19,21,14,9,0,4832,4631,94,20,121,0,37,4832,373,98,198,29,48,4459,4230,65,0,112,0,0,52,5,47,1733,3482,1588,1894
"Census Tract 14.03, Sarasota County, Florida",Census Tract 14.03,14.03, Sarasota County,115, Florida,12,7079,3437,3642,94.4,87,249,313,530,393,82,636,855,514,560,1551,837,472,59.5,1023,6348,6056,5711,3215,2860,2840,3216,88.3,1437,1423,101,7079,6988,91,6852,19,0,0,0,0,0,99,0,32,0,0,0,11,56,0,0,0,0,0,18,21,35,23,0,7079,6931,40,47,134,0,18,7079,288,89,58,44,97,6791,6639,0,0,61,0,0,91,0,91,3708,5789,2679,3110
"Census Tract 14.04, Sarasota County, Florida",Census Tract 14.04,14.04, Sarasota County,115, Florida,12,5158,2682,2476,108.3,297,250,626,184,105,303,640,902,379,273,759,200,240,48,1260,3968,3898,3771,1396,1199,1956,1942,100.7,668,531,125.8,5158,5134,24,4883,12,0,0,0,0,0,239,86,9,0,10,17,117,0,0,0,0,0,0,0,0,0,0,0,5158,4907,12,0,239,0,24,5158,218,80,31,12,95,4940,4689,12,0,239,0,0,0,0,0,2696,3778,1883,1895
"Census Tract 14.05, Sarasota County, Florida",Census Tract 14.05,14.05, Sarasota County,115, Florida,12,3373,1804,1569,115,167,151,132,227,146,147,225,499,204,246,962,210,57,54.9,626,2841,2747,2675,1357,1229,1370,1377,99.5,700,529,132.3,3373,3361,12,3192,112,18,0,18,0,0,39,0,11,28,0,0,0,0,0,0,0,0,0,0,0,12,0,0,3373,3204,112,30,39,0,0,3373,0,0,0,0,0,3373,3192,112,18,39,0,0,12,0,12,1540,2702,1358,1344
"Census Tract 15.03, Sarasota County, Florida",Census Tract 15.03,15.03, Sarasota County,115, Florida,12,3844,1968,1876,104.9,179,223,356,396,125,403,627,485,258,224,329,146,93,38.9,961,2983,2883,2637,727,568,1446,1437,100.6,336,232,144.8,3844,3718,126,3573,59,0,0,0,0,0,58,0,0,0,0,0,58,0,0,0,0,0,0,28,80,0,0,0,3844,3699,139,0,58,0,74,3844,627,155,47,241,184,3217,3015,42,0,58,0,0,102,22,80,1428,2446,1286,1160
"Census Tract 15.04, Sarasota County, Florida",Census Tract 15.04,15.04, Sarasota County,115, Florida,12,2831,1160,1671,69.4,75,145,283,243,151,217,458,450,151,140,385,117,16,41.6,658,2231,2173,2085,572,518,865,1308,66.1,135,383,35.2,2831,2774,57,2661,0,22,0,0,0,0,17,8,0,9,0,0,0,0,0,0,0,0,0,74,17,2,13,0,2831,2718,17,24,30,0,99,2831,453,50,94,232,77,2378,2251,0,22,17,0,31,57,25,32,1180,1968,801,1167
"Census Tract 15.05, Sarasota County, Florida",Census Tract 15.05,15.05, Sarasota County,115, Florida,12,4404,2064,2340,88.2,181,223,478,215,365,795,460,477,217,372,503,59,59,33.6,1023,3487,3381,3230,858,621,1528,1853,82.5,204,417,48.9,4404,4306,98,3660,482,0,0,0,0,0,7,7,0,0,0,0,0,0,0,0,0,0,0,157,36,49,13,0,4404,3758,518,49,20,0,157,4404,698,447,40,79,132,3706,3130,471,0,7,0,0,98,0,98,1648,3177,1444,1733
"Census Tract 15.08, Sarasota County, Florida",Census Tract 15.08,15.08, Sarasota County,115, Florida,12,2748,1424,1324,107.6,77,84,128,203,140,658,204,204,132,80,211,385,242,37.1,492,2308,2256,2238,861,838,1139,1117,102,372,466,79.8,2748,2748,0,2419,119,0,0,0,0,0,58,0,0,0,0,0,0,58,0,0,0,0,0,152,0,0,0,0,2748,2419,119,0,58,0,152,2748,563,277,51,18,217,2185,2097,30,0,58,0,0,0,0,0,1327,2171,1092,1079
"Census Tract 15.09, Sarasota County, Florida",Census Tract 15.09,15.09, Sarasota County,115, Florida,12,3345,1666,1679,99.2,267,138,138,141,135,97,541,495,392,270,409,258,64,51.3,684,2756,2661,2626,872,731,1315,1346,97.7,393,338,116.3,3345,3255,90,3066,0,0,0,0,0,0,133,14,0,0,20,0,61,38,0,0,0,0,0,56,70,0,20,0,3345,3156,70,0,153,0,56,3345,551,25,40,289,197,2794,2555,0,0,133,0,16,90,0,90,1545,2448,1191,1257
"Census Tract 15.10, Sarasota County, Florida",Census Tract 15.10,15.10, Sarasota County,115, Florida,12,4137,1700,2437,69.8,82,75,191,209,91,371,312,507,304,221,853,454,467,57,458,3745,3679,3560,1946,1774,1533,2146,71.4,633,1141,55.5,4137,4126,11,4009,117,0,0,0,0,0,0,0,0,0,0,0,0,0,0,0,0,0,0,0,0,11,0,0,4137,4020,117,11,0,0,0,4137,195,11,126,0,58,3942,3825,117,0,0,0,0,0,0,0,2342,3443,1420,2023
"Census Tract 15.11, Sarasota County, Florida",Census Tract 15.11,15.11, Sarasota County,115, Florida,12,3064,1486,1578,94.2,40,291,239,57,121,264,185,499,93,388,334,204,349,53.8,585,2479,2479,2437,1106,887,1286,1193,107.8,442,445,99.3,3064,2802,262,2557,0,0,0,0,0,0,139,0,0,0,0,0,139,0,0,0,0,0,0,106,0,0,0,0,3064,2819,0,0,139,0,368,3064,644,194,0,34,416,2420,2281,0,0,139,0,0,0,0,0,1725,2327,1197,1130
"Census Tract 16.01, Sarasota County, Florida",Census Tract 16.01,16.01, Sarasota County,115, Florida,12,4144,2052,2092,98.1,220,107,99,139,236,457,373,435,475,207,500,591,305,55.1,547,3718,3597,3544,1522,1396,1746,1851,94.3,686,710,96.6,4144,4029,115,3838,14,4,0,0,0,0,105,7,0,14,0,0,84,0,0,0,0,0,0,68,0,14,0,0,4144,3940,27,25,105,0,169,4144,319,0,18,183,118,3825,3666,10,4,91,0,27,27,13,14,2044,3351,1682,1669
"Census Tract 16.02, Sarasota County, Florida",Census Tract 16.02,16.02, Sarasota County,115, Florida,12,3962,2021,1941,104.1,225,148,79,118,114,553,298,500,427,331,466,521,182,53.5,499,3479,3463,3388,1302,1169,1768,1695,104.3,604,565,106.9,3962,3654,308,3426,12,3,3,0,0,0,162,0,0,112,26,0,24,0,0,0,0,0,0,51,19,105,0,0,3962,3734,31,108,162,14,221,3962,554,219,57,33,245,3408,2975,12,3,162,0,0,256,118,138,2343,3301,1662,1639
"Census Tract 17.02, Sarasota County, Florida",Census Tract 17.02,17.02, Sarasota County,115, Florida,12,5995,2623,3372,77.8,216,358,297,296,199,608,524,670,697,391,913,449,377,52.4,1069,4986,4926,4800,1868,1739,2037,2889,70.5,549,1190,46.1,5995,5837,158,5543,55,0,0,0,0,0,171,26,0,0,12,53,65,15,0,0,0,0,0,68,92,0,0,0,5995,5681,147,0,171,66,134,5995,791,200,221,306,64,5204,4978,55,0,171,0,0,0,0,0,2660,4796,2008,2788
"Census Tract 17.03, Sarasota County, Florida",Census Tract 17.03,17.03, Sarasota County,115, Florida,12,3929,1783,2146,83.1,101,143,184,253,156,406,372,582,210,234,366,451,471,50.6,604,3493,3325,3215,1419,1288,1523,1802,84.5,411,877,46.9,3929,3864,65,3584,7,0,0,0,0,0,73,0,47,26,0,0,0,0,0,0,0,0,0,200,0,0,11,0,3929,3649,7,0,84,0,254,3929,618,171,94,21,332,3311,3220,7,0,73,0,0,11,0,11,2316,3155,1455,1700
"Census Tract 17.04, Sarasota County, Florida",Census Tract 17.04,17.04, Sarasota County,115, Florida,12,3109,1507,1602,94.1,130,154,247,184,203,356,385,383,257,231,207,219,153,40.9,639,2548,2470,2357,730,579,1112,1358,81.9,235,344,68.3,3109,2882,227,2478,236,0,0,0,0,0,15,7,0,0,8,0,0,0,0,0,0,0,0,153,54,0,0,0,3109,2696,299,9,24,0,317,3109,580,234,59,13,274,2529,2215,236,0,15,0,0,63,0,63,1505,2198,935,1263
"Census Tract 18.01, Sarasota County, Florida",Census Tract 18.01,18.01, Sarasota County,115, Florida,12,3588,1665,1923,86.6,86,172,176,130,12,87,281,338,395,273,720,641,277,63.2,529,3125,3059,3024,1830,1638,1428,1631,87.6,723,915,79,3588,3503,85,3402,0,0,0,0,0,0,46,0,26,0,0,9,0,11,0,0,0,0,0,55,0,23,33,0,3588,3487,0,23,79,0,84,3588,227,89,57,52,29,3361,3245,0,0,46,0,14,56,0,56,2191,3022,1401,1621
"Census Tract 18.03, Sarasota County, Florida",Census Tract 18.03,18.03, Sarasota County,115, Florida,12,2779,1386,1393,99.5,45,106,98,46,136,317,305,389,129,293,465,293,157,53.7,295,2508,2484,2468,1055,915,1241,1243,99.8,379,536,70.7,2779,2779,0,2599,93,7,0,0,0,0,68,57,11,0,0,0,0,0,12,0,0,0,12,0,0,0,0,0,2779,2599,93,7,68,12,0,2779,66,20,10,2,34,2713,2556,93,7,57,0,0,0,0,0,1631,2397,1229,1168
"Census Tract 18.04, Sarasota County, Florida",Census Tract 18.04,18.04, Sarasota County,115, Florida,12,2746,1542,1204,128.1,113,108,48,179,83,337,443,410,205,220,381,174,45,46.9,377,2396,2369,2262,723,600,1331,1038,128.2,329,271,121.4,2746,2659,87,2557,16,7,0,0,0,0,50,0,21,14,0,0,15,0,0,0,0,0,0,29,0,51,7,0,2746,2644,36,78,57,0,38,2746,337,173,22,0,142,2409,2258,16,7,50,0,0,78,0,78,1301,2113,1177,936
"Census Tract 18.05, Sarasota County, Florida",Census Tract 18.05,18.05, Sarasota County,115, Florida,12,2174,1096,1078,101.7,82,164,150,152,48,100,215,233,161,123,369,306,71,52.8,541,1633,1633,1626,828,746,737,896,82.3,341,405,84.2,2174,2172,2,2136,16,20,20,0,0,0,0,0,0,0,0,0,0,0,0,0,0,0,0,0,0,2,0,0,2174,2138,16,22,0,0,0,2174,34,19,7,8,0,2140,2102,16,20,0,0,0,2,0,2,1244,1567,697,870
"Census Tract 19.03, Sarasota County, Florida",Census Tract 19.03,19.03, Sarasota County,115, Florida,12,1832,845,987,85.6,27,36,88,155,7,68,133,163,175,175,389,286,130,61.1,291,1621,1541,1519,890,805,700,841,83.2,369,436,84.6,1832,1769,63,1756,0,0,0,0,0,0,0,0,0,0,0,0,0,0,0,0,0,0,0,13,0,0,6,0,1832,1819,30,0,6,0,70,1832,65,0,0,0,65,1767,1756,0,0,0,0,5,6,0,6,1552,1451,661,790
"Census Tract 19.04, Sarasota County, Florida",Census Tract 19.04,19.04, Sarasota County,115, Florida,12,2551,1386,1165,119,53,27,36,108,160,67,152,284,307,279,659,360,59,61.4,214,2380,2337,2308,1229,1078,1257,1080,116.4,509,569,89.5,2551,2513,38,2466,0,9,0,0,0,0,38,1,12,12,0,0,0,13,0,0,0,0,0,0,0,8,19,0,2551,2504,0,17,57,0,11,2551,95,8,0,17,70,2456,2382,0,9,38,0,0,27,0,27,2317,2250,1185,1065
"Census Tract 19.05, Sarasota County, Florida",Census Tract 19.05,19.05, Sarasota County,115, Florida,12,1127,500,627,79.7,9,0,0,39,0,9,4,93,36,118,356,294,169,72.2,32,1095,1095,1079,866,819,468,627,74.6,392,427,91.8,1127,1097,30,1067,0,8,0,0,0,0,18,14,0,0,0,0,4,0,4,0,4,0,0,0,0,0,17,0,1127,1097,4,12,39,13,0,1127,0,0,0,0,0,1127,1067,0,8,18,4,0,30,0,30,3044,1012,439,573
"Census Tract 19.09, Sarasota County, Florida",Census Tract 19.09,19.09, Sarasota County,115, Florida,12,2133,1039,1094,95,0,25,79,37,10,88,67,125,120,122,531,603,326,72.6,134,2023,1999,1982,1552,1460,971,1028,94.5,709,751,94.4,2133,2087,46,2005,32,0,0,0,0,0,50,0,14,0,0,0,36,0,0,0,0,0,0,0,0,0,36,0,2133,2051,32,10,96,0,0,2133,54,0,0,6,48,2079,1979,24,0,50,0,0,26,0,26,3783,1891,922,969
"Census Tract 20.03, Sarasota County, Florida",Census Tract 20.03,20.03, Sarasota County,115, Florida,12,5376,2297,3079,74.6,140,394,414,295,89,555,866,654,300,247,599,410,413,43.9,1168,4307,4208,4130,1587,1422,1818,2390,76.1,421,1001,42.1,5376,5263,113,5086,20,77,0,0,0,0,34,0,34,0,0,0,0,0,0,0,0,0,0,46,26,12,75,0,5376,5199,46,89,109,0,46,5376,305,0,21,56,228,5071,4840,20,18,34,0,46,113,0,113,2917,4089,1779,2310
"Census Tract 20.04, Sarasota County, Florida",Census Tract 20.04,20.04, Sarasota County,115, Florida,12,4654,2155,2499,86.2,102,225,188,224,195,385,634,341,345,375,583,644,413,56,722,4066,3932,3915,1841,1640,1793,2139,83.8,712,928,76.7,4654,4293,361,4085,186,0,0,0,0,0,22,0,0,22,0,0,0,0,0,0,0,0,0,0,0,0,0,0,4654,4446,186,0,22,0,361,4654,572,145,0,0,427,4082,3874,186,0,22,0,0,0,0,0,2616,3695,1690,2005
"Census Tract 20.07, Sarasota County, Florida",Census Tract 20.07,20.07, Sarasota County,115, Florida,12,2237,1009,1228,82.2,31,23,0,41,43,96,94,188,218,353,404,601,145,67.1,95,2183,2142,2142,1322,1150,935,1207,77.5,575,575,100,2237,2228,9,2109,0,34,34,0,0,0,77,0,73,4,0,0,0,0,0,0,0,0,0,8,0,0,9,0,2237,2118,0,34,86,0,8,2237,38,20,10,0,8,2199,2079,0,34,77,0,0,9,0,9,2074,1966,842,1124
"Census Tract 20.08, Sarasota County, Florida",Census Tract 20.08,20.08, Sarasota County,115, Florida,12,3228,1748,1480,118.1,43,37,156,155,47,201,153,466,256,304,695,475,240,62.4,332,2967,2896,2821,1643,1410,1519,1377,110.3,787,623,126.3,3228,3195,33,3081,0,0,0,0,0,0,39,0,0,0,0,0,38,1,0,0,0,0,0,75,14,0,0,0,3228,3114,14,0,39,0,94,3228,247,7,58,57,125,2981,2928,0,0,39,0,0,14,0,14,2027,2759,1437,1322
"Census Tract 20.11, Sarasota County, Florida",Census Tract 20.11,20.11, Sarasota County,115, Florida,12,1244,583,661,88.2,150,0,54,35,53,146,61,154,130,44,123,256,38,52.4,219,1040,1025,1005,434,417,503,522,96.4,201,216,93.1,1244,1240,4,1128,109,3,0,0,0,0,0,0,0,0,0,0,0,0,0,0,0,0,0,0,0,4,0,0,1244,1132,109,7,0,0,0,1244,234,0,0,0,234,1010,894,109,3,0,0,0,4,0,4,1002,911,456,455
"Census Tract 20.12, Sarasota County, Florida",Census Tract 20.12,20.12, Sarasota County,115, Florida,12,3352,1505,1847,81.5,64,113,62,37,108,256,244,294,225,217,437,989,306,66.7,276,3113,3076,3062,1915,1732,1362,1714,79.5,740,992,74.6,3352,3280,72,3231,14,0,0,0,0,0,35,5,30,0,0,0,0,0,0,0,0,0,0,0,0,0,0,0,3352,3303,14,0,35,0,72,3352,103,8,0,12,83,3249,3200,14,0,35,0,0,0,0,0,2535,2946,1319,1627
"Census Tract 20.13, Sarasota County, Florida",Census Tract 20.13,20.13, Sarasota County,115, Florida,12,3570,1463,2107,69.4,79,217,134,56,46,121,258,279,123,131,591,817,718,69.8,459,3128,3111,3084,2229,2126,1250,1861,67.2,919,1207,76.1,3570,3543,27,3332,18,34,0,0,0,0,159,57,88,14,0,0,0,0,0,0,0,0,0,0,0,0,27,0,3570,3359,18,34,186,0,0,3570,77,37,0,25,15,3493,3255,18,34,159,0,0,27,0,27,2113,3037,1209,1828
"Census Tract 20.14, Sarasota County, Florida",Census Tract 20.14,20.14, Sarasota County,115, Florida,12,4859,2349,2510,93.6,115,40,112,326,21,130,247,443,397,641,1334,985,68,64.7,408,4512,4451,4266,2797,2387,2232,2219,100.6,1218,1169,104.2,4859,4833,26,4727,40,0,0,0,0,0,55,26,10,9,10,0,0,0,0,0,0,0,0,11,0,26,0,0,4859,4753,40,26,55,0,11,4859,81,0,0,0,81,4778,4646,40,0,55,0,11,26,0,26,3053,4359,2161,2198
"Census Tract 20.15, Sarasota County, Florida",Census Tract 20.15,20.15, Sarasota County,115, Florida,12,1747,676,1071,63.1,28,51,67,82,37,21,208,139,124,249,411,210,120,63.2,211,1564,1536,1519,954,741,596,940,63.4,342,399,85.7,1747,1711,36,1590,0,0,0,0,0,0,43,0,29,0,14,0,0,0,0,0,0,0,0,78,8,3,0,0,1747,1626,8,3,43,0,103,1747,236,34,51,82,69,1511,1457,0,0,43,0,0,11,0,11,1012,1437,577,860
"Census Tract 20.16, Sarasota County, Florida",Census Tract 20.16,20.16, Sarasota County,115, Florida,12,4359,2122,2237,94.9,116,42,91,91,84,172,326,410,406,384,998,1035,204,66.1,281,4093,4078,3991,2471,2237,1915,2163,88.5,1041,1196,87,4359,4304,55,4147,133,0,0,0,0,0,0,0,0,0,0,0,0,0,0,0,0,0,0,24,44,0,11,0,4359,4202,177,0,11,0,24,4359,253,0,15,0,238,4106,4051,0,0,0,0,0,55,0,55,2721,3998,1892,2106
"Census Tract 21.01, Sarasota County, Florida",Census Tract 21.01,21.01, Sarasota County,115, Florida,12,3459,1588,1871,84.9,259,158,121,74,62,340,88,437,464,256,662,459,79,58.1,612,2921,2847,2785,1332,1200,1315,1532,85.8,593,607,97.7,3459,3459,0,3427,32,0,0,0,0,0,0,0,0,0,0,0,0,0,0,0,0,0,0,0,0,0,0,0,3459,3427,32,0,0,0,0,3459,195,22,0,0,173,3264,3232,32,0,0,0,0,0,0,0,1800,2699,1248,1451
"Census Tract 21.02, Sarasota County, Florida",Census Tract 21.02,21.02, Sarasota County,115, Florida,12,2854,1456,1398,104.1,107,218,53,182,53,79,182,344,297,193,665,326,155,58.8,520,2436,2334,2294,1279,1146,1177,1157,101.7,622,524,118.7,2854,2745,109,2702,24,0,0,0,0,0,0,0,0,0,0,0,0,0,0,0,0,0,0,19,0,109,0,0,2854,2811,24,109,0,0,19,2854,107,0,16,0,91,2747,2595,24,0,0,0,19,109,0,109,1812,2289,1150,1139
"Census Tract 22.01, Sarasota County, Florida",Census Tract 22.01,22.01, Sarasota County,115, Florida,12,2569,1157,1412,81.9,41,14,68,60,139,31,172,234,183,255,650,622,100,67.3,162,2430,2407,2346,1519,1372,1102,1305,84.4,684,688,99.4,2569,2548,21,2478,32,0,0,0,0,0,38,0,0,17,0,0,21,0,0,0,0,0,0,0,0,21,0,0,2569,2499,32,21,38,0,0,2569,100,58,22,20,0,2469,2378,32,0,38,0,0,21,0,21,1776,2345,1063,1282
"Census Tract 22.03, Sarasota County, Florida",Census Tract 22.03,22.03, Sarasota County,115, Florida,12,4190,2242,1948,115.1,137,139,144,341,256,413,321,448,447,388,711,302,143,52.1,685,3765,3505,3386,1444,1156,1855,1650,112.4,555,601,92.3,4190,4016,174,3433,332,21,0,12,0,0,230,0,0,6,0,8,20,196,0,0,0,0,0,0,95,11,0,0,4190,3583,485,66,230,0,68,4190,304,0,34,0,270,3886,3173,332,21,230,0,0,130,24,106,2423,3311,1731,1580
"Census Tract 22.04, Sarasota County, Florida",Census Tract 22.04,22.04, Sarasota County,115, Florida,12,2576,1306,1270,102.8,223,185,46,85,106,40,276,322,164,254,343,98,434,55.4,518,2106,2058,2010,1105,875,891,1167,76.3,288,587,49.1,2576,2507,69,2065,238,0,0,0,0,0,0,0,0,0,0,0,0,0,0,0,0,0,0,204,69,0,0,0,2576,2134,307,0,0,0,204,2576,24,12,0,0,12,2552,2041,238,0,0,0,204,69,0,69,1335,1668,869,799
"Census Tract 22.05, Sarasota County, Florida",Census Tract 22.05,22.05, Sarasota County,115, Florida,12,2299,1177,1122,104.9,0,66,11,32,0,119,118,278,222,238,569,388,258,65.4,109,2212,2190,2190,1363,1215,1145,1045,109.6,765,450,170,2299,2299,0,2186,105,8,8,0,0,0,0,0,0,0,0,0,0,0,0,0,0,0,0,0,0,0,0,0,2299,2186,105,8,0,0,0,2299,162,0,0,0,162,2137,2032,105,0,0,0,0,0,0,0,1525,2190,1145,1045
"Census Tract 23.02, Sarasota County, Florida",Census Tract 23.02,23.02, Sarasota County,115, Florida,12,4434,1980,2454,80.7,62,75,146,165,160,149,166,376,273,449,1020,1032,361,67.4,395,4151,4039,3986,2774,2413,1677,2362,71,998,1415,70.5,4434,4187,247,4054,2,0,0,0,0,0,131,0,0,131,0,0,0,0,0,0,0,0,0,0,74,11,89,0,4434,4283,146,11,290,0,3,4434,13,8,5,0,0,4421,4044,2,0,131,0,0,244,0,244,2767,3869,1611,2258
"Census Tract 23.04, Sarasota County, Florida",Census Tract 23.04,23.04, Sarasota County,115, Florida,12,2106,917,1189,77.1,26,10,11,24,32,156,44,174,191,184,650,374,230,68.1,54,2059,2052,2026,1376,1254,896,1156,77.5,535,719,74.4,2106,2084,22,1970,4,0,0,0,0,0,72,0,32,0,0,0,0,40,31,18,13,0,0,7,0,8,0,0,2106,1992,4,8,72,31,21,2106,85,0,14,45,26,2021,1899,4,0,72,31,7,8,0,8,2647,1968,887,1081
"Census Tract 23.05, Sarasota County, Florida",Census Tract 23.05,23.05, Sarasota County,115, Florida,12,1474,694,780,89,0,0,8,32,25,13,79,95,98,55,530,430,109,71.3,32,1466,1442,1434,1117,1069,678,764,88.7,493,576,85.6,1474,1474,0,1461,0,0,0,0,0,0,13,0,0,13,0,0,0,0,0,0,0,0,0,0,0,0,0,0,1474,1461,0,0,13,0,0,1474,10,10,0,0,0,1464,1451,0,0,13,0,0,0,0,0,1693,1373,643,730
"Census Tract 23.06, Sarasota County, Florida",Census Tract 23.06,23.06, Sarasota County,115, Florida,12,3345,1539,1806,85.2,15,93,76,32,58,84,110,162,117,135,1099,925,439,70.9,216,3144,3129,3129,2524,2463,1486,1643,90.4,1177,1286,91.5,3345,3295,50,3194,47,0,0,0,0,0,0,0,0,0,0,0,0,0,11,11,0,0,0,43,0,50,0,0,3345,3244,47,50,0,11,43,3345,67,43,24,0,0,3278,3170,47,0,0,11,0,50,0,50,2056,3129,1486,1643
"Census Tract 23.07, Sarasota County, Florida",Census Tract 23.07,23.07, Sarasota County,115, Florida,12,1500,685,815,84,0,25,0,0,0,0,0,99,23,138,564,494,157,71.6,25,1475,1475,1475,1324,1215,673,802,83.9,539,676,79.7,1500,1500,0,1480,0,0,0,0,0,0,0,0,0,0,0,0,0,0,0,0,0,0,0,20,0,0,0,0,1500,1480,0,0,0,0,20,1500,8,0,8,0,0,1492,1472,0,0,0,0,20,0,0,0,1292,1475,673,802
"Census Tract 24.01, Sarasota County, Florida",Census Tract 24.01,24.01, Sarasota County,115, Florida,12,2917,1422,1495,95.1,17,8,48,82,27,51,82,236,218,365,1078,500,205,68.7,148,2815,2769,2762,2018,1783,1336,1433,93.2,860,923,93.2,2917,2910,7,2812,5,17,0,0,0,0,22,0,6,0,0,0,0,16,0,0,0,0,0,54,0,7,0,0,2917,2819,5,24,22,0,54,2917,113,83,0,11,19,2804,2764,5,6,22,0,0,7,0,7,2705,2539,1302,1237
"Census Tract 24.03, Sarasota County, Florida",Census Tract 24.03,24.03, Sarasota County,115, Florida,12,1479,611,868,70.4,0,34,0,47,90,88,33,170,67,63,211,376,300,69.8,59,1445,1420,1363,941,887,595,825,72.1,378,509,74.3,1479,1479,0,1430,35,14,0,7,0,0,0,0,0,0,0,0,0,0,0,0,0,0,0,0,0,0,0,0,1479,1430,35,14,0,0,0,1479,71,71,0,0,0,1408,1359,35,14,0,0,0,0,0,0,1107,1309,541,768
"Census Tract 24.04, Sarasota County, Florida",Census Tract 24.04,24.04, Sarasota County,115, Florida,12,2132,1004,1128,89,47,120,52,50,206,31,249,202,122,182,358,369,144,59.4,247,1901,1885,1847,1006,871,875,1010,86.6,364,507,71.8,2132,1883,249,1741,0,0,0,0,0,0,142,0,0,0,0,0,142,0,0,0,0,0,0,0,0,22,0,0,2132,1990,0,22,142,0,227,2132,191,0,157,34,0,1941,1707,0,0,142,0,0,92,70,22,1401,1844,849,995
"Census Tract 25.04, Sarasota County, Florida",Census Tract 25.04,25.04, Sarasota County,115, Florida,12,3017,1300,1717,75.7,147,236,175,142,53,265,450,258,244,306,497,144,100,48.5,664,2405,2353,2311,935,741,1034,1319,78.4,313,428,73.1,3017,2901,116,2808,56,0,0,0,0,0,27,0,0,0,0,0,27,0,0,0,0,0,0,10,0,0,0,0,3017,2924,56,0,27,0,126,3017,385,45,87,61,192,2632,2549,56,0,27,0,0,0,0,0,1392,2297,1023,1274
"Census Tract 25.05, Sarasota County, Florida",Census Tract 25.05,25.05, Sarasota County,115, Florida,12,2290,1135,1155,98.3,87,159,92,92,45,295,238,324,203,239,263,168,85,50,399,1922,1891,1843,601,516,915,976,93.8,216,300,72,2290,2286,4,2213,2,28,0,0,0,0,43,5,8,30,0,0,0,0,0,0,0,0,0,0,0,1,0,0,2290,2217,2,29,43,3,0,2290,105,43,15,17,30,2185,2108,2,28,43,0,0,4,0,4,1042,1843,891,952
"Census Tract 25.07, Sarasota County, Florida",Census Tract 25.07,25.07, Sarasota County,115, Florida,12,4654,2230,2424,92,70,79,236,297,216,387,285,731,562,331,850,392,218,55.2,495,4218,4159,3958,1653,1460,2025,2134,94.9,607,853,71.2,4654,4633,21,4532,0,18,0,18,0,0,57,0,0,57,0,0,0,0,0,0,0,0,0,26,0,0,0,0,4654,4553,0,18,57,0,47,4654,219,58,0,0,161,4435,4339,0,18,57,0,0,21,21,0,2571,4084,1978,2106
"Census Tract 25.08, Sarasota County, Florida",Census Tract 25.08,25.08, Sarasota County,115, Florida,12,3490,1895,1595,118.8,48,94,278,125,215,324,299,635,279,212,575,318,88,50.6,467,3050,3023,2926,1136,981,1603,1420,112.9,463,518,89.4,3490,3466,24,3385,6,0,0,0,0,0,33,21,0,12,0,0,0,0,0,0,0,0,0,42,21,3,0,0,3490,3409,27,3,33,0,42,3490,150,0,45,31,74,3340,3298,6,0,33,0,0,3,0,3,1732,2969,1589,1380
"Census Tract 25.09, Sarasota County, Florida",Census Tract 25.09,25.09, Sarasota County,115, Florida,12,5855,2913,2942,99,456,564,180,93,165,668,1001,594,402,404,784,407,137,41,1262,4630,4593,4543,1591,1328,2242,2351,95.4,643,685,93.9,5855,5855,0,5690,68,8,0,0,0,0,54,0,0,0,0,29,0,25,0,0,0,0,0,35,0,0,0,0,5855,5690,68,8,54,0,35,5855,740,326,0,374,40,5115,4958,68,0,54,0,35,0,0,0,2959,4338,2107,2231
"Census Tract 25.10, Sarasota County, Florida",Census Tract 25.10,25.10, Sarasota County,115, Florida,12,3665,1887,1778,106.1,81,29,126,211,117,305,163,584,179,269,575,618,408,60.4,350,3414,3315,3218,1679,1601,1661,1654,100.4,800,801,99.9,3665,3597,68,3485,49,0,0,0,0,0,55,7,3,15,0,0,0,30,0,0,0,0,0,8,37,22,0,9,3665,3544,95,31,55,0,8,3665,102,42,0,16,44,3563,3391,49,0,55,0,0,68,0,68,2059,3252,1652,1600
"Census Tract 25.11, Sarasota County, Florida",Census Tract 25.11,25.11, Sarasota County,115, Florida,12,2764,1324,1440,91.9,39,30,47,105,142,65,167,296,126,233,733,534,247,67.5,199,2628,2565,2487,1679,1514,1192,1373,86.8,744,770,96.6,2764,2722,42,2708,0,4,0,0,0,0,0,0,0,0,0,0,0,0,0,0,0,0,0,10,0,42,0,0,2764,2750,0,46,0,0,10,2764,103,40,10,42,11,2661,2615,0,4,0,0,0,42,0,42,1663,2512,1170,1342
"Census Tract 26.01, Sarasota County, Florida",Census Tract 26.01,26.01, Sarasota County,115, Florida,12,2403,1105,1298,85.1,22,26,52,37,102,65,124,215,230,394,555,411,170,64.1,125,2303,2278,2245,1430,1136,1063,1215,87.5,488,648,75.3,2403,2356,47,2356,0,0,0,0,0,0,0,0,0,0,0,0,0,0,0,0,0,0,0,0,0,0,0,0,2403,2403,0,0,0,0,47,2403,67,0,0,25,42,2336,2336,0,0,0,0,0,0,0,0,1796,2243,1054,1189
"Census Tract 26.02, Sarasota County, Florida",Census Tract 26.02,26.02, Sarasota County,115, Florida,12,2347,1129,1218,92.7,11,45,42,3,59,124,58,147,157,310,666,526,199,68.4,101,2249,2246,2246,1610,1391,1080,1166,92.6,647,744,87,2347,2296,51,2243,0,0,0,0,0,0,53,0,0,0,30,0,0,23,0,0,0,0,0,0,0,0,0,0,2347,2294,0,0,53,0,51,2347,160,32,0,9,119,2187,2134,0,0,53,0,0,0,0,0,1751,2193,1050,1143
"Census Tract 26.03, Sarasota County, Florida",Census Tract 26.03,26.03, Sarasota County,115, Florida,12,1886,932,954,97.7,13,48,70,40,54,77,149,146,162,250,479,239,159,63.9,157,1742,1729,1706,1012,877,831,898,92.5,480,397,120.9,1886,1875,11,1852,6,0,0,0,0,0,0,0,0,0,0,0,0,0,0,0,0,0,0,17,0,0,6,0,1886,1863,6,0,6,5,17,1886,21,0,15,6,0,1865,1831,6,0,0,0,17,11,0,11,1179,1708,828,880
"Census Tract 26.04, Sarasota County, Florida",Census Tract 26.04,26.04, Sarasota County,115, Florida,12,2898,1343,1555,86.4,15,41,72,30,13,137,125,151,111,207,830,799,367,71.4,158,2770,2740,2740,2157,1996,1217,1523,79.9,899,1097,82,2898,2769,129,2640,0,0,0,0,0,0,106,0,0,103,0,0,0,3,0,0,0,0,0,23,18,3,91,0,2898,2769,18,3,197,0,40,2898,32,0,14,9,9,2866,2631,0,0,106,0,0,129,17,112,2081,2593,1137,1456
"Census Tract 26.05, Sarasota County, Florida",Census Tract 26.05,26.05, Sarasota County,115, Florida,12,2203,1096,1107,99,75,66,33,32,56,128,120,192,132,260,516,558,35,65.2,190,2021,2013,1984,1269,1109,1028,985,104.4,626,483,129.6,2203,2185,18,2163,0,0,0,0,0,0,22,0,11,0,0,0,0,11,0,0,0,0,0,0,0,0,18,0,2203,2181,0,0,40,0,0,2203,9,9,0,0,0,2194,2154,0,0,22,0,0,18,0,18,1582,1909,989,920
"Census Tract 27.10, Sarasota County, Florida",Census Tract 27.10,27.10, Sarasota County,115, Florida,12,2474,1162,1312,88.6,128,88,78,35,78,117,218,265,93,86,499,600,189,66.8,300,2174,2174,2125,1334,1288,975,1199,81.3,564,724,77.9,2474,2366,108,2119,198,19,0,0,0,0,1,0,0,0,0,1,0,0,0,0,0,0,0,29,0,108,0,0,2474,2227,198,127,1,0,29,2474,62,0,28,0,34,2412,2081,198,19,1,0,5,108,0,108,2030,2079,946,1133
"Census Tract 27.14, Sarasota County, Florida",Census Tract 27.14,27.14, Sarasota County,115, Florida,12,6655,3330,3325,100.2,99,181,372,398,240,264,421,641,367,796,1569,1110,197,62,845,5987,5810,5579,3332,2876,2817,2993,94.1,1402,1474,95.1,6655,6462,193,6234,37,0,0,0,0,0,174,0,94,19,0,61,0,0,0,0,0,0,0,17,27,106,42,0,6655,6427,64,106,216,0,35,6655,120,0,35,15,70,6535,6217,22,0,174,0,0,122,0,122,3161,5557,2660,2897
"Census Tract 27.16, Sarasota County, Florida",Census Tract 27.16,27.16, Sarasota County,115, Florida,12,6239,2932,3307,88.7,188,264,265,176,206,298,523,793,281,471,1485,957,332,61,782,5500,5457,5313,3071,2774,2549,2908,87.7,1340,1434,93.4,6239,6137,102,5848,63,0,0,0,0,0,77,18,0,0,0,18,0,41,0,0,0,0,0,149,18,0,0,0,6239,5950,81,0,77,20,213,6239,204,0,1,11,192,6035,5828,63,0,77,0,49,18,0,18,3893,5297,2501,2796
"Census Tract 27.20, Sarasota County, Florida",Census Tract 27.20,27.20, Sarasota County,115, Florida,12,3205,1443,1762,81.9,19,89,109,53,17,120,220,158,266,210,894,847,203,69,238,2974,2967,2935,2068,1944,1321,1646,80.3,909,1035,87.8,3205,3133,72,3082,20,20,20,0,0,0,6,6,0,0,0,0,0,0,5,0,5,0,0,0,0,42,9,0,3205,3154,20,62,15,26,0,3205,109,0,27,31,51,3096,3007,20,20,6,5,0,38,0,38,1988,2923,1313,1610
"Census Tract 27.21, Sarasota County, Florida",Census Tract 27.21,27.21, Sarasota County,115, Florida,12,4875,2335,2540,91.9,413,365,210,146,426,647,408,724,234,323,493,413,73,40.6,1046,3859,3829,3623,1113,979,1814,2015,90,489,490,99.8,4875,4658,217,4332,169,0,0,0,0,0,129,0,108,0,0,0,0,21,0,0,0,0,0,28,149,10,29,0,4875,4549,318,10,158,0,57,4875,583,116,83,26,358,4292,3777,169,0,129,0,0,217,29,188,2307,3541,1702,1839
"Census Tract 27.23, Sarasota County, Florida",Census Tract 27.23,27.23, Sarasota County,115, Florida,12,2576,1189,1387,85.7,50,31,29,50,43,73,111,273,90,155,830,606,235,71,142,2458,2434,2416,1730,1671,1125,1309,85.9,745,926,80.5,2576,2529,47,2437,76,16,0,0,0,0,0,0,0,0,0,0,0,0,0,0,0,0,0,0,11,0,0,0,2576,2484,87,16,0,0,36,2576,95,53,6,0,36,2481,2411,23,0,0,0,0,47,36,11,1887,2362,1113,1249
"Census Tract 27.24, Sarasota County, Florida",Census Tract 27.24,27.24, Sarasota County,115, Florida,12,2442,1057,1385,76.3,0,0,0,0,0,11,0,31,122,122,890,850,416,75.6,0,2442,2442,2442,2247,2156,1057,1385,76.3,925,1231,75.1,2442,2442,0,2420,0,0,0,0,0,0,22,0,0,0,0,11,11,0,0,0,0,0,0,0,0,0,0,0,2442,2420,0,0,22,0,0,2442,17,0,0,9,8,2425,2403,0,0,22,0,0,0,0,0,2235,2396,1019,1377
"Census Tract 27.25, Sarasota County, Florida",Census Tract 27.25,27.25, Sarasota County,115, Florida,12,5084,2278,2806,81.2,430,194,262,185,355,178,310,687,550,602,635,545,151,53.9,1063,4150,4021,3985,1571,1331,1742,2279,76.4,671,660,101.7,5084,5015,69,4815,128,0,0,0,0,0,72,40,32,0,0,0,0,0,0,0,0,0,0,0,53,0,0,0,5084,4884,197,0,72,0,16,5084,217,80,49,8,80,4867,4632,128,0,72,0,0,35,0,35,2021,3904,1684,2220
"Census Tract 27.26, Sarasota County, Florida",Census Tract 27.26,27.26, Sarasota County,115, Florida,12,4188,2102,2086,100.8,275,99,59,240,91,360,109,277,207,485,1328,584,74,63.9,621,3742,3567,3493,2401,1986,1790,1777,100.7,1019,967,105.4,4188,3972,216,3774,55,0,0,0,0,0,143,130,0,13,0,0,0,0,0,0,0,0,0,0,80,0,0,0,4188,3990,135,0,143,0,136,4188,182,20,0,9,153,4006,3728,55,0,143,0,0,80,0,80,2208,3458,1755,1703
"Census Tract 27.27, Sarasota County, Florida",Census Tract 27.27,27.27, Sarasota County,115, Florida,12,1529,627,902,69.5,94,136,152,25,34,170,184,70,65,142,233,145,79,37.8,407,1147,1122,1122,576,457,479,643,74.5,211,246,85.8,1529,1529,0,1504,0,0,0,0,0,0,25,0,0,0,2,0,0,23,0,0,0,0,0,0,0,0,0,0,1529,1504,0,0,25,0,0,1529,36,0,36,0,0,1493,1468,0,0,25,0,0,0,0,0,550,1108,479,629
"Census Tract 27.28, Sarasota County, Florida",Census Tract 27.28,27.28, Sarasota County,115, Florida,12,2718,1373,1345,102.1,0,0,0,12,0,20,271,172,85,135,872,858,293,73.4,0,2718,2718,2706,2110,2023,1373,1345,102.1,1034,989,104.6,2718,2718,0,2647,2,0,0,0,0,0,69,0,69,0,0,0,0,0,0,0,0,0,0,0,0,0,0,0,2718,2647,2,0,69,0,0,2718,18,0,18,0,0,2700,2629,2,0,69,0,0,0,0,0,1838,2656,1343,1313
"Census Tract 27.29, Sarasota County, Florida",Census Tract 27.29,27.29, Sarasota County,115, Florida,12,1917,786,1131,69.5,0,0,22,0,0,30,42,133,117,183,605,602,183,72.7,22,1895,1895,1895,1535,1390,780,1115,70,544,846,64.3,1917,1917,0,1917,0,0,0,0,0,0,0,0,0,0,0,0,0,0,0,0,0,0,0,0,0,0,0,0,1917,1917,0,0,0,0,0,1917,0,0,0,0,0,1917,1917,0,0,0,0,0,0,0,0,1823,1816,738,1078
"Census Tract 27.30, Sarasota County, Florida",Census Tract 27.30,27.30, Sarasota County,115, Florida,12,2644,1291,1353,95.4,25,36,33,62,24,36,35,195,147,192,874,689,296,71.3,128,2550,2516,2488,1898,1859,1208,1308,92.4,876,983,89.1,2644,2644,0,2587,0,10,0,0,0,0,47,0,0,0,0,0,47,0,0,0,0,0,0,0,0,0,0,0,2644,2587,0,10,47,0,0,2644,0,0,0,0,0,2644,2587,0,10,47,0,0,0,0,0,1761,2469,1177,1292
"Census Tract 27.31, Sarasota County, Florida",Census Tract 27.31,27.31, Sarasota County,115, Florida,12,3197,1561,1636,95.4,0,0,66,0,0,77,42,134,539,710,1349,265,15,65.1,66,3131,3131,3131,1988,1629,1561,1570,99.4,913,716,127.5,3197,3197,0,3107,0,0,0,0,0,0,90,79,11,0,0,0,0,0,0,0,0,0,0,0,0,0,0,0,3197,3107,0,0,90,0,0,3197,50,0,50,0,0,3147,3057,0,0,90,0,0,0,0,0,2054,3117,1561,1556
"Census Tract 27.32, Sarasota County, Florida",Census Tract 27.32,27.32, Sarasota County,115, Florida,12,4014,1952,2062,94.7,45,45,74,107,60,170,130,264,128,376,1582,826,207,68.5,271,3848,3743,3743,2869,2615,1831,1912,95.8,1351,1264,106.9,4014,3942,72,3785,0,0,0,0,0,0,89,0,0,12,0,0,0,77,0,0,0,0,0,68,0,21,11,0,4014,3857,0,21,100,0,108,4014,122,13,105,0,4,3892,3771,0,0,89,0,0,32,0,32,2750,3641,1768,1873
"Census Tract 27.33, Sarasota County, Florida",Census Tract 27.33,27.33, Sarasota County,115, Florida,12,3014,1500,1514,99.1,40,29,53,0,0,95,107,218,220,190,834,896,332,71.1,122,2892,2892,2892,2188,2062,1391,1501,92.7,989,1073,92.2,3014,2958,56,2753,0,0,0,0,0,0,196,0,196,0,0,0,0,0,9,9,0,0,0,0,0,56,0,0,3014,2809,0,56,196,9,0,3014,0,0,0,0,0,3014,2753,0,0,196,9,0,56,0,56,1999,2700,1323,1377
"Census Tract 27.34, Sarasota County, Florida",Census Tract 27.34,27.34, Sarasota County,115, Florida,12,6606,3172,3434,92.4,248,176,273,155,54,606,332,581,540,662,2065,799,115,62.4,852,5871,5754,5754,3387,2979,2668,3086,86.5,1640,1339,122.5,6606,6431,175,6086,72,76,0,0,0,0,132,0,76,56,0,0,0,0,0,0,0,0,0,65,122,0,43,0,6606,6261,194,76,175,10,65,6606,133,73,50,10,0,6473,5999,72,76,132,0,19,175,0,175,3252,5658,2652,3006
"Census Tract 27.35, Sarasota County, Florida",Census Tract 27.35,27.35, Sarasota County,115, Florida,12,1979,849,1130,75.1,9,17,0,29,0,0,48,24,69,207,708,645,223,73.6,26,1953,1953,1924,1683,1576,832,1121,74.2,665,911,73,1979,1967,12,1925,18,0,0,0,0,0,24,0,0,0,11,13,0,0,0,0,0,0,0,0,0,12,0,0,1979,1937,18,12,24,0,0,1979,30,0,0,0,30,1949,1895,18,0,24,0,0,12,0,12,2103,1919,806,1113
"Census Tract 27.36, Sarasota County, Florida",Census Tract 27.36,27.36, Sarasota County,115, Florida,12,4476,2236,2240,99.8,61,503,428,70,44,446,361,662,495,368,498,290,250,52.5,1062,3484,3414,3414,1253,1038,1646,1768,93.1,504,534,94.4,4476,4317,159,4035,130,0,0,0,0,0,152,0,35,56,0,0,61,0,0,0,0,0,0,0,0,0,51,0,4476,4194,238,108,203,0,0,4476,1042,135,682,112,113,3434,3046,77,0,152,0,0,159,0,159,1890,3376,1624,1752
"Census Tract 27.37, Sarasota County, Florida",Census Tract 27.37,27.37, Sarasota County,115, Florida,12,6256,2842,3414,83.2,337,246,157,105,154,649,468,539,640,298,1713,817,133,57.8,757,5516,5499,5411,2836,2663,2502,2997,83.5,1223,1440,84.9,6256,6092,164,5476,314,0,0,0,0,0,189,0,0,0,0,0,0,189,0,0,0,0,0,113,44,0,76,0,6256,5640,358,44,265,44,113,6256,296,0,110,52,134,5960,5293,314,0,189,0,0,164,0,164,3329,5448,2483,2965
"Census Tract 27.38, Sarasota County, Florida",Census Tract 27.38,27.38, Sarasota County,115, Florida,12,5551,2496,3055,81.7,385,487,521,189,275,861,438,574,394,352,672,377,26,36.5,1528,4093,4023,3871,1286,1075,1835,2188,83.9,316,759,41.6,5551,5404,147,4529,683,0,0,0,0,0,108,0,0,0,0,0,0,108,0,0,0,0,0,84,58,0,0,0,5551,4676,741,0,108,0,173,5551,632,69,187,0,376,4919,4070,683,0,108,0,0,58,0,58,1814,3703,1745,1958
"Census Tract 27.39, Sarasota County, Florida",Census Tract 27.39,27.39, Sarasota County,115, Florida,12,3985,1862,2123,87.7,213,249,98,174,362,553,191,439,272,222,535,407,270,49.6,671,3405,3314,3113,1354,1212,1528,1786,85.6,494,718,68.8,3985,3835,150,3440,154,0,0,0,0,0,171,0,0,94,0,0,0,77,0,0,0,0,0,70,21,129,0,0,3985,3590,175,129,171,0,70,3985,120,0,71,0,49,3865,3379,154,0,171,0,11,150,0,150,1929,3279,1523,1756
"Census Tract 27.40, Sarasota County, Florida",Census Tract 27.40,27.40, Sarasota County,115, Florida,12,4058,2260,1798,125.7,136,0,395,510,86,315,606,732,337,254,526,161,0,44.9,731,3480,3327,2951,875,687,1792,1535,116.7,338,349,96.8,4058,3910,148,3910,0,0,0,0,0,0,0,0,0,0,0,0,0,0,0,0,0,0,0,0,0,0,0,0,4058,4011,47,0,0,0,148,4058,866,0,468,237,161,3192,3192,0,0,0,0,0,0,0,0,1804,3108,1677,1431
"Census Tract 27.41, Sarasota County, Florida",Census Tract 27.41,27.41, Sarasota County,115, Florida,12,4112,1669,2443,68.3,175,56,162,232,125,834,485,314,446,212,605,421,45,41.8,612,3719,3500,3449,1153,1071,1552,1948,79.7,520,551,94.4,4112,3888,224,3327,273,0,0,0,0,0,187,0,0,187,0,0,0,0,0,0,0,0,0,101,79,72,73,0,4112,3551,352,72,260,0,101,4112,168,149,0,0,19,3944,3204,273,0,187,0,101,179,0,179,1595,3478,1552,1926
"Census Tract 27.42, Sarasota County, Florida",Census Tract 27.42,27.42, Sarasota County,115, Florida,12,5996,3047,2949,103.3,578,555,277,368,337,587,180,975,322,195,1033,399,190,46.4,1581,4586,4415,4087,1763,1622,2267,2148,105.5,901,721,125,5996,5996,0,5653,288,0,0,0,0,0,55,55,0,0,0,0,0,0,0,0,0,0,0,0,0,0,0,0,5996,5653,288,0,55,0,0,5996,471,0,0,0,471,5525,5182,288,0,55,0,0,0,0,0,2436,4415,2267,2148
"Census Tract 27.43, Sarasota County, Florida",Census Tract 27.43,27.43, Sarasota County,115, Florida,12,4377,2109,2268,93,71,314,279,247,185,274,469,336,263,436,1102,115,286,55.2,785,3713,3592,3466,1590,1503,1580,2012,78.5,818,685,119.4,4377,4324,53,3992,160,0,0,0,0,0,172,0,172,0,0,0,0,0,0,0,0,0,0,0,0,0,0,0,4377,4045,160,0,172,53,0,4377,432,0,432,0,0,3945,3560,160,0,172,0,0,53,0,53,1653,3338,1495,1843
"Census Tract 27.44, Sarasota County, Florida",Census Tract 27.44,27.44, Sarasota County,115, Florida,12,3046,1532,1514,101.2,221,0,307,240,88,138,219,738,256,287,276,276,0,50.5,691,2518,2355,2278,791,552,1343,1012,132.7,326,226,144.2,3046,2820,226,2431,389,0,0,0,0,0,0,0,0,0,0,0,0,0,0,0,0,0,0,0,196,30,0,0,3046,2657,585,30,0,0,0,3046,0,0,0,0,0,3046,2431,389,0,0,0,0,226,0,226,1063,2317,1343,974
"Census Tract 27.45, Sarasota County, Florida",Census Tract 27.45,27.45, Sarasota County,115, Florida,12,5223,2749,2474,111.1,272,471,250,524,372,442,621,672,529,345,580,145,0,40.2,1260,4084,3963,3470,885,725,2081,1882,110.6,387,338,114.5,5223,4930,293,4358,468,0,0,0,0,0,0,0,0,0,0,0,0,0,0,0,0,0,0,104,293,0,0,0,5223,4651,761,0,0,0,104,5223,409,0,0,0,409,4814,4053,468,0,0,0,0,293,0,293,1980,3963,2081,1882
"Census Tract 27.46, Sarasota County, Florida",Census Tract 27.46,27.46, Sarasota County,115, Florida,12,4614,2251,2363,95.3,221,244,90,353,621,479,370,821,349,434,323,309,0,43.3,686,4049,3928,3591,768,632,1970,1958,100.6,339,293,115.7,4614,4492,122,3987,220,0,0,0,0,0,206,0,0,0,0,34,0,172,0,0,0,0,0,79,0,0,122,0,4614,4109,220,0,328,0,79,4614,17,17,0,0,0,4597,3970,220,0,206,0,79,122,0,122,1907,3774,1970,1804
"Census Tract 27.47, Sarasota County, Florida",Census Tract 27.47,27.47, Sarasota County,115, Florida,12,1363,798,565,141.2,0,0,59,78,119,0,292,148,66,130,471,0,0,54.9,137,1226,1226,1226,601,471,739,487,151.7,330,141,234,1363,1363,0,958,405,0,0,0,0,0,0,0,0,0,0,0,0,0,0,0,0,0,0,0,0,0,0,0,1363,958,405,0,0,0,0,1363,273,0,201,0,72,1090,685,405,0,0,0,0,0,0,0,549,1226,739,487
"Census Tract 27.48, Sarasota County, Florida",Census Tract 27.48,27.48, Sarasota County,115, Florida,12,4097,1307,2790,46.8,72,91,454,247,541,219,552,533,638,275,322,153,0,39.8,717,3480,3380,3233,600,475,1170,2210,52.9,189,286,66.1,4097,3992,105,3599,393,0,0,0,0,0,0,0,0,0,0,0,0,0,0,0,0,0,0,0,0,0,0,0,4097,3704,393,0,0,0,105,4097,329,75,149,105,0,3768,3375,393,0,0,0,0,0,0,0,1662,3290,1170,2120
"Census Tract 9900, Sarasota County, Florida",Census Tract 9900,9900, Sarasota County,115, Florida,12,0,0,0,-,0,0,0,0,0,0,0,0,0,0,0,0,0,-,0,0,0,0,0,0,0,0,-,0,0,-,0,0,0,0,0,0,0,0,0,0,0,0,0,0,0,0,0,0,0,0,0,0,0,0,0,0,0,0,0,0,0,0,0,0,0,0,0,0,0,0,0,0,0,0,0,0,0,0,0,0,0,0,0,0,0
