"Zipcode","ID","TotalPop_Estimate","Male_Estimate","Male_Percent","Female_Estimate","Female_Percent","Male_SexRatio_Estimate","Under5_Estimate","Under5_Percent","5to9_Estimate","5to9_Percent","10to14_Estimate","10to14_Percent","15to19_Estimate","15to19_Percent","20to24_Estimate","20to24_Percent","25to34_Estimate","25to34_Percent","35to44_Estimate","35to44_Percent","45to54_Estimate","45to54_Percent","55to59_Estimate","55to59_Percent","60to64_Estimate","60to64_Percent","65to74_Estimate","65to74_Percent","75to84_Estimate","75to84_Percent","85andOver_Estimate","85andOver_Percent","MedianAge_Estimate","Under18_Estimate","Under18_Percent","16andOver_Estimate","16andOver_Percent","18andOver_Estimate","18andOver_Percent","21andOver_Estimate","21andOver_Percent","62andOver_Estimate","62andOver_Percent","65andOver_Estimate","65andOver_Percent","Male_18andOver_Estimate","Male_18andOver_Percent","Female_18andOver_Estimate","Female_18andOver_Percent","Male_18andOver_SexRatio_Estimate","Male_65andOver_Estimate","Male_65andOver_Percent","Female_65andOver_Estimate","Female_65andOver_Percent","Male_65andOver_SexRatio_Estimate","OneRace_Estimate","OneRace_Percent","TwoRace_Estimate","TwoRace_Percent","OneRace_White_Estimate","OneRace_White_Percent","OneRace_BlackAA_Estimate","OneRace_BlackAA_Percent","OneRace_AIAN_Estimate","OneRace_AIAN_Percent","OneRace_AIAN_Cherokee_Estimate","OneRace_AIAN_Cherokee_Percent","OneRace_AIAN_Chippewa_Estimate","OneRace_AIAN_Chippewa_Percent","OneRace_AIAN_Navajo_Estimate","OneRace_AIAN_Navajo_Percent","OneRace_AIAN_Sioux_Estimate","OneRace_AIAN_Sioux_Percent","OneRace_Asian_Estimate","OneRace_Asian_Percent","OneRace_Asian_AsianIndian_Estimate","OneRace_Asian_AsianIndian_Percent","OneRace_Asian_Chinese_Estimate","OneRace_Asian_Chinese_Percent","OneRace_Asian_Filipino_Estimate","OneRace_Asian_Filipino_Percent","OneRace_Asian_Japanese_Estimate","OneRace_Asian_Japanese_Percent","OneRace_Asian_Korean_Estimate","OneRace_Asian_Korean_Percent","OneRace_Asian_Vietnamese_Estimate","OneRace_Asian_Vietnamese_Percent","OneRace_Asian_Other_Estimate","OneRace_Asian_Other_Percent","OneRace_NHOPI_Estimate","OneRace_NHOPI_Percent","OneRace_NHOPIN_Islander_Estimate","OneRace_NHOPIN__Percent","OneRace_NHOPIG_Guamanian_Estimate","OneRace_NHOPIG_Guamanian_Percent","OneRace_NHOPI_Pacific_Estimate","OneRace_NHOPI_Pacific_Percent","OneRace_NHOPIOP_Other_Estimate","OneRace_NHOPIOP_Other_Percent","OneRace_SomeOtherRace_Estimate","OneRace_SomeOtherRace_Percent","TwoRace_White_BlackAA_Estimate","TwoRace_White_BlackAA_Percent","TwoRace_White_AIAN_Estimate","TwoRace_White_AIAN_Percent","TwoRace_White_Asian_Estimate","TwoRace_White_Asian_Percent","TwoRace_BlackAA_AIAN_Estimate","TwoRace_BlackAA_AIAN_Percent","AloneComboRace_Estimate","AloneComboRace_Estimate","AloneComboRace_White_Estimate","AloneComboRace_White_Percent","AloneComboRace_BlackAA_Estimate","AloneComboRace_BlackAA_Percent","AloneComboRace_AIAN_Estimate","AloneComboRace_AIAN_Percent","AloneComboRace_Asian_Estimate","AloneComboRace_Asian_Percent","AloneComboRace_NHOPI_Estimate","AloneComboRace_NHOPI_Percent","AloneComboRace_Other_Estimate","AloneComboRace_Other_Percent","HispanicLatino_Estimate","HispanicLatino_AnyRace_Estimate","HispanicLatino_AnyRace_Percent","HispanicLatino_Mexican_AnyRace_Estimate","HispanicLatino_Mexican_AnyRace_Percent","HispanicLatino_PuertoRican_AnyRace_Estimate","HispanicLatino_PuertoRican_AnyRace_Percent","HispanicLatino_Cuban_AnyRace_Estimate","HispanicLatino_Cuban_AnyRace_Percent","HispanicLatino_Other_AnyRace_Estimate","HispanicLatino_Other_AnyRace_Percent","NotHispanicLatino_Estimate","NotHispanicLatino_Percent","NotHispanicLatino_White_Estimate","NotHispanicLatino_White_Percent","NotHispanicLatino_BlackAA_Estimate","NotHispanicLatino_BlackAA_Percent","NotHispanicLatino_AIAN_Estimate","NotHispanicLatino_AIAN_Percent","NotHispanicLatino_Asian_Estimate","NotHispanicLatino_Asian_Percent","NotHispanicLatino_NHOPI_Estimate","NotHispanicLatino_NHOPI_Percent","NotHispanicLatino_AloneOther_Estimate","NotHispanicLatino_AloneOther_Percent","NotHispanicLatino_TwoMore_Estimate","NotHispanicLatino_TwoMore_Percent","NotHispanicLatino_TwoMore_IncludeOther_Estimate","NotHispanicLatino_TwoMore_IncludeOther_Percent","NotHispanicLatino_TwoMore_ExcludeOtherThree_Estimate","NotHispanicLatino_TwoMore_ExcludeOtherThree_Percent","HousingUnits_Estimate","Vote_18andOver_Estimate","Vote_Male_18andOver_Estimate","Vote_Male_18andOver_Percent","Vote_Female_18andOver_Estimate","Vote_Female_18andOver_Percent"
"33852","8600000US33852",20839,10576,50.8,10263,49.2,103,647,3.1,1098,5.3,1225,5.9,853,4.1,557,2.7,1762,8.5,2150,10.3,2018,9.7,771,3.7,1768,8.5,3660,17.6,3159,15.2,1171,5.6,55.5,3593,17.2,17733,85.1,17246,82.8,16866,80.9,8876,42.6,7990,38.3,8560,49.6,8686,50.4,98.5,3970,49.7,4020,50.3,98.8,20629,99,210,1,19082,91.6,996,4.8,50,0.2,0,0,0,0,0,0,20,0.1,127,0.6,104,0.5,0,0,23,0.1,0,0,0,0,0,0,0,0,0,0,0,0,0,0,0,0,0,0,374,1.8,52,0.2,23,0.1,8,0,0,0,20839,20839,19292,92.6,1048,5,73,0.4,135,0.6,0,0,501,2.4,20839,4873,23.4,2228,10.7,965,4.6,627,3,1053,5.1,15966,76.6,14705,70.6,996,4.8,38,0.2,127,0.6,0,0,17,0.1,83,0.4,0,0,83,0.4,12853,16130,7846,48.6,8284,51.4
"34266","8600000US34266",31733,17968,56.6,13765,43.4,130.5,1710,5.4,1737,5.5,1766,5.6,2400,7.6,1771,5.6,4909,15.5,4144,13.1,3994,12.6,1701,5.4,1645,5.2,3342,10.5,1802,5.7,812,2.6,38.5,6469,20.4,25994,81.9,25264,79.6,23789,75,6981,22,5956,18.8,14710,58.2,10554,41.8,139.4,2837,47.6,3119,52.4,91,30723,96.8,1010,3.2,25891,81.6,3821,12,31,0.1,15,0,0,0,0,0,0,0,108,0.3,0,0,4,0,44,0.1,0,0,60,0.2,0,0,0,0,25,0.1,0,0,25,0.1,0,0,0,0,847,2.7,122,0.4,141,0.4,46,0.1,38,0.1,31733,31733,26831,84.6,4001,12.6,222,0.7,167,0.5,29,0.1,1493,4.7,31733,11386,35.9,9402,29.6,204,0.6,661,2.1,1119,3.5,20347,64.1,15966,50.3,3821,12,31,0.1,108,0.3,25,0.1,27,0.1,369,1.2,24,0.1,345,1.1,12207,21556,11991,55.6,9565,44.4
"34268","8600000US34268",366,262,71.6,104,28.4,251.9,0,0,0,0,34,9.3,89,24.3,0,0,74,20.2,42,11.5,0,0,0,0,0,0,127,34.7,0,0,0,0,27.8,123,33.6,332,90.7,243,66.4,243,66.4,127,34.7,127,34.7,139,57.2,104,42.8,133.7,65,51.2,62,48.8,104.8,366,100,0,0,0,0,366,100,0,0,0,0,0,0,0,0,0,0,0,0,0,0,0,0,0,0,0,0,0,0,0,0,0,0,0,0,0,0,0,0,0,0,0,0,0,0,0,0,0,0,0,0,0,0,366,366,0,0,366,100,0,0,0,0,0,0,0,0,366,0,0,0,0,0,0,0,0,0,0,366,100,0,0,366,100,0,0,0,0,0,0,0,0,0,0,0,0,0,0,143,243,139,57.2,104,42.8
"34269","8600000US34269",5272,2799,53.1,2473,46.9,113.2,152,2.9,343,6.5,99,1.9,38,0.7,215,4.1,451,8.6,342,6.5,370,7,502,9.5,526,10,1116,21.2,872,16.5,246,4.7,61.2,621,11.8,4678,88.7,4651,88.2,4604,87.3,2555,48.5,2234,42.4,2474,53.2,2177,46.8,113.6,1186,53.1,1048,46.9,113.2,5151,97.7,121,2.3,4717,89.5,350,6.6,2,0,0,0,0,0,0,0,0,0,55,1,2,0,20,0.4,33,0.6,0,0,0,0,0,0,0,0,5,0.1,0,0,0,0,5,0.1,0,0,22,0.4,13,0.2,7,0.1,17,0.3,0,0,5272,5272,4838,91.8,363,6.9,9,0.2,90,1.7,25,0.5,86,1.6,5272,397,7.5,250,4.7,62,1.2,29,0.6,56,1.1,4875,92.5,4450,84.4,306,5.8,2,0,55,1,5,0.1,0,0,57,1.1,0,0,57,1.1,2957,4606,2437,52.9,2169,47.1
"33598","8600000US33598",22776,11316,49.7,11460,50.3,98.7,1475,6.5,2016,8.9,1873,8.2,1594,7,1134,5,3202,14.1,2817,12.4,2521,11.1,1222,5.4,892,3.9,2697,11.8,1197,5.3,136,0.6,35.4,6527,28.7,16955,74.4,16249,71.3,15645,68.7,4628,20.3,4030,17.7,8007,49.3,8242,50.7,97.1,1898,47.1,2132,52.9,89,21816,95.8,960,4.2,12467,54.7,2636,11.6,80,0.4,0,0,0,0,0,0,0,0,196,0.9,46,0.2,16,0.1,35,0.2,0,0,7,0,73,0.3,19,0.1,0,0,0,0,0,0,0,0,0,0,6437,28.3,710,3.1,22,0.1,1,0,0,0,22776,22776,13362,58.7,3398,14.9,125,0.5,215,0.9,0,0,6646,29.2,22776,10351,45.4,8674,38.1,795,3.5,85,0.4,797,3.5,12425,54.6,8757,38.4,2511,11,19,0.1,189,0.8,0,0,174,0.8,775,3.4,24,0.1,751,3.3,7511,13314,6199,46.6,7115,53.4
"33834","8600000US33834",7451,4490,60.3,2961,39.7,151.6,364,4.9,453,6.1,509,6.8,429,5.8,631,8.5,1102,14.8,865,11.6,1194,16,431,5.8,432,5.8,714,9.6,267,3.6,60,0.8,36.5,1655,22.2,5944,79.8,5796,77.8,5586,75,1346,18.1,1041,14,3607,62.2,2189,37.8,164.8,626,60.1,415,39.9,150.8,7037,94.4,414,5.6,5453,73.2,852,11.4,5,0.1,0,0,0,0,0,0,0,0,78,1,1,0,0,0,71,1,0,0,0,0,6,0.1,0,0,0,0,0,0,0,0,0,0,0,0,649,8.7,137,1.8,64,0.9,0,0,0,0,7451,7451,5828,78.2,1028,13.8,69,0.9,82,1.1,0,0,858,11.5,7451,2994,40.2,2164,29,472,6.3,141,1.9,217,2.9,4457,59.8,3346,44.9,829,11.1,4,0.1,78,1,0,0,0,0,200,2.7,3,0,197,2.6,2153,5340,3304,61.9,2036,38.1
"33865","8600000US33865",1130,494,43.7,636,56.3,77.7,0,0,82,7.3,49,4.3,76,6.7,21,1.9,148,13.1,107,9.5,62,5.5,67,5.9,113,10,356,31.5,33,2.9,16,1.4,56,150,13.3,980,86.7,980,86.7,923,81.7,518,45.8,405,35.8,439,44.8,541,55.2,81.1,122,30.1,283,69.9,43.1,1089,96.4,41,3.6,920,81.4,169,15,0,0,0,0,0,0,0,0,0,0,0,0,0,0,0,0,0,0,0,0,0,0,0,0,0,0,0,0,0,0,0,0,0,0,0,0,0,0,0,0,41,3.6,0,0,0,0,1130,1130,961,85,169,15,41,3.6,0,0,0,0,0,0,1130,487,43.1,372,32.9,100,8.8,15,1.3,0,0,643,56.9,433,38.3,169,15,0,0,0,0,0,0,0,0,41,3.6,0,0,41,3.6,303,980,439,44.8,541,55.2
"34201","8600000US34201",3729,1840,49.3,1889,50.7,97.4,48,1.3,126,3.4,157,4.2,228,6.1,46,1.2,156,4.2,263,7.1,341,9.1,182,4.9,94,2.5,995,26.7,892,23.9,201,5.4,68.3,559,15,3372,90.4,3170,85,3170,85,2152,57.7,2088,56,1548,48.8,1622,51.2,95.4,990,47.4,1098,52.6,90.2,3624,97.2,105,2.8,3364,90.2,72,1.9,22,0.6,22,0.6,0,0,0,0,0,0,166,4.5,0,0,142,3.8,0,0,14,0.4,10,0.3,0,0,0,0,0,0,0,0,0,0,0,0,0,0,0,0,64,1.7,0,0,41,1.1,0,0,3729,3729,3469,93,136,3.6,22,0.6,207,5.6,0,0,0,0,3729,78,2.1,0,0,0,0,42,1.1,36,1,3651,97.9,3286,88.1,72,1.9,22,0.6,166,4.5,0,0,0,0,105,2.8,0,0,105,2.8,2282,2907,1430,49.2,1477,50.8
"34202","8600000US34202",23759,11477,48.3,12282,51.7,93.4,1289,5.4,935,3.9,1771,7.5,1172,4.9,1188,5,1775,7.5,2224,9.4,2593,10.9,1666,7,2224,9.4,4285,18,1862,7.8,775,3.3,50.6,4823,20.3,19546,82.3,18936,79.7,18307,77.1,8024,33.8,6922,29.1,9060,47.8,9876,52.2,91.7,3379,48.8,3543,51.2,95.4,22498,94.7,1261,5.3,21408,90.1,259,1.1,129,0.5,0,0,0,0,0,0,0,0,552,2.3,159,0.7,151,0.6,27,0.1,19,0.1,104,0.4,0,0,92,0.4,0,0,0,0,0,0,0,0,0,0,150,0.6,861,3.6,43,0.2,69,0.3,17,0.1,23759,23759,22633,95.3,1137,4.8,208,0.9,621,2.6,0,0,421,1.8,23759,2172,9.1,466,2,588,2.5,173,0.7,945,4,21587,90.9,19905,83.8,239,1,129,0.5,552,2.3,0,0,28,0.1,734,3.1,6,0,728,3.1,10904,18065,8507,47.1,9558,52.9
"34203","8600000US34203",39350,18225,46.3,21125,53.7,86.3,1593,4,2165,5.5,2010,5.1,1740,4.4,1329,3.4,4301,10.9,4240,10.8,5070,12.9,2793,7.1,2553,6.5,5665,14.4,4396,11.2,1495,3.8,49.8,6900,17.5,33242,84.5,32450,82.5,31702,80.6,13121,33.3,11556,29.4,14775,45.5,17675,54.5,83.6,5101,44.1,6455,55.9,79,37993,96.6,1357,3.4,31623,80.4,3736,9.5,136,0.3,26,0.1,0,0,0,0,0,0,1001,2.5,43,0.1,95,0.2,259,0.7,15,0,0,0,549,1.4,40,0.1,41,0.1,0,0,0,0,26,0.1,15,0,1456,3.7,167,0.4,89,0.2,41,0.1,0,0,39350,39350,32900,83.6,3940,10,235,0.6,1109,2.8,81,0.2,2452,6.2,39350,8369,21.3,4910,12.5,931,2.4,413,1,2115,5.4,30981,78.7,25727,65.4,3730,9.5,133,0.3,1001,2.5,41,0.1,35,0.1,314,0.8,58,0.1,256,0.7,19238,29436,12992,44.1,16444,55.9
"34205","8600000US34205",31871,15076,47.3,16795,52.7,89.8,1902,6,1822,5.7,1305,4.1,1670,5.2,1528,4.8,4513,14.2,3051,9.6,4260,13.4,2345,7.4,2485,7.8,3558,11.2,2047,6.4,1385,4.3,45.6,6045,19,26381,82.8,25826,81,25004,78.5,8557,26.8,6990,21.9,11842,45.9,13984,54.1,84.7,2822,40.4,4168,59.6,67.7,30984,97.2,887,2.8,25343,79.5,3655,11.5,35,0.1,0,0,0,0,0,0,0,0,814,2.6,50,0.2,186,0.6,391,1.2,10,0,2,0,104,0.3,71,0.2,0,0,0,0,0,0,0,0,0,0,1137,3.6,338,1.1,114,0.4,121,0.4,0,0,31871,31871,26203,82.2,4032,12.7,179,0.6,1023,3.2,27,0.1,1385,4.3,31871,6286,19.7,2935,9.2,1112,3.5,382,1.2,1857,5.8,25585,80.3,20618,64.7,3509,11,35,0.1,814,2.6,0,0,0,0,609,1.9,1,0,608,1.9,15981,23327,10677,45.8,12650,54.2
"34207","8600000US34207",36677,18448,50.3,18229,49.7,101.2,1966,5.4,1637,4.5,1779,4.9,1842,5,2391,6.5,4186,11.4,3698,10.1,4160,11.3,2864,7.8,2573,7,5035,13.7,3312,9,1234,3.4,47.3,6597,18,30922,84.3,30080,82,29053,79.2,11286,30.8,9581,26.1,15245,50.7,14835,49.3,102.8,4403,46,5178,54,85,34889,95.1,1788,4.9,30692,83.7,2445,6.7,158,0.4,0,0,0,0,0,0,0,0,216,0.6,123,0.3,13,0,24,0.1,6,0,11,0,22,0.1,17,0,39,0.1,0,0,19,0.1,0,0,20,0.1,1339,3.7,1039,2.8,80,0.2,35,0.1,18,0,36677,36677,32332,88.2,3560,9.7,287,0.8,381,1,39,0.1,1897,5.2,36677,9021,24.6,3146,8.6,1417,3.9,913,2.5,3545,9.7,27656,75.4,23540,64.2,2410,6.6,114,0.3,216,0.6,39,0.1,112,0.3,1225,3.3,240,0.7,985,2.7,19125,26856,13589,50.6,13267,49.4
"34208","8600000US34208",43397,21163,48.8,22234,51.2,95.2,2652,6.1,3440,7.9,3365,7.8,2789,6.4,2405,5.5,6276,14.5,5872,13.5,4817,11.1,2523,5.8,1981,4.6,4593,10.6,1997,4.6,687,1.6,36.2,11068,25.5,33431,77,32329,74.5,30463,70.2,8306,19.1,7277,16.8,15316,47.4,17013,52.6,90,3340,45.9,3937,54.1,84.8,41080,94.7,2317,5.3,29631,68.3,8729,20.1,70,0.2,0,0,0,0,0,0,0,0,713,1.6,419,1,223,0.5,26,0.1,0,0,13,0,32,0.1,0,0,35,0.1,35,0.1,0,0,0,0,0,0,1902,4.4,451,1,87,0.2,60,0.1,0,0,43397,43397,31701,73,9420,21.7,196,0.5,808,1.9,35,0.1,3582,8.3,43397,13889,32,7422,17.1,1551,3.6,391,0.9,4525,10.4,29508,68,19469,44.9,8603,19.8,70,0.2,713,1.6,35,0.1,18,0,600,1.4,9,0,591,1.4,15814,27355,12564,45.9,14791,54.1
"34209","8600000US34209",35148,16734,47.6,18414,52.4,90.9,1332,3.8,874,2.5,1463,4.2,1589,4.5,1259,3.6,3644,10.4,2812,8,4073,11.6,2868,8.2,3122,8.9,5832,16.6,3795,10.8,2485,7.1,55.9,4792,13.6,31120,88.5,30356,86.4,29556,84.1,14110,40.1,12112,34.5,14396,47.4,15960,52.6,90.2,5463,45.1,6649,54.9,82.2,33980,96.7,1168,3.3,32454,92.3,878,2.5,47,0.1,40,0.1,3,0,0,0,0,0,300,0.9,97,0.3,61,0.2,43,0.1,22,0.1,6,0,56,0.2,15,0,132,0.4,132,0.4,0,0,0,0,0,0,169,0.5,194,0.6,294,0.8,90,0.3,0,0,35148,35148,33582,95.5,1085,3.1,341,1,443,1.3,132,0.4,746,2.1,35148,3356,9.5,365,1,1228,3.5,940,2.7,823,2.3,31792,90.5,30015,85.4,760,2.2,47,0.1,300,0.9,0,0,19,0.1,651,1.9,82,0.2,569,1.6,18536,28940,13574,46.9,15366,53.1
"34210","8600000US34210",16799,7964,47.4,8835,52.6,90.1,704,4.2,342,2,702,4.2,1297,7.7,811,4.8,1674,10,1278,7.6,1793,10.7,1292,7.7,1018,6.1,2546,15.2,2214,13.2,1128,6.7,53.9,2381,14.2,14922,88.8,14418,85.8,13504,80.4,6429,38.3,5888,35,6733,46.7,7685,53.3,87.6,2660,45.2,3228,54.8,82.4,16490,98.2,309,1.8,14470,86.1,1472,8.8,0,0,0,0,0,0,0,0,0,0,482,2.9,185,1.1,187,1.1,24,0.1,6,0,0,0,0,0,80,0.5,0,0,0,0,0,0,0,0,0,0,66,0.4,99,0.6,18,0.1,43,0.3,0,0,16799,16799,14766,87.9,1588,9.5,18,0.1,567,3.4,0,0,204,1.2,16799,1934,11.5,837,5,247,1.5,150,0.9,700,4.2,14865,88.5,12814,76.3,1364,8.1,0,0,482,2.9,0,0,2,0,203,1.2,32,0.2,171,1,11179,13192,6113,46.3,7079,53.7
"34211","8600000US34211",10897,5793,53.2,5104,46.8,113.5,679,6.2,644,5.9,329,3,243,2.2,696,6.4,624,5.7,1620,14.9,749,6.9,698,6.4,921,8.5,2793,25.6,648,5.9,253,2.3,53.7,1723,15.8,9192,84.4,9174,84.2,8900,81.7,4167,38.2,3694,33.9,4971,54.2,4203,45.8,118.3,2379,64.4,1315,35.6,180.9,10334,94.8,563,5.2,9679,88.8,289,2.7,0,0,0,0,0,0,0,0,0,0,233,2.1,131,1.2,27,0.2,36,0.3,39,0.4,0,0,0,0,0,0,0,0,0,0,0,0,0,0,0,0,133,1.2,164,1.5,0,0,73,0.7,0,0,10897,10897,10242,94,453,4.2,68,0.6,315,2.9,0,0,459,4.2,10897,1027,9.4,190,1.7,186,1.7,0,0,651,6,9870,90.6,9179,84.2,235,2.2,0,0,233,2.1,0,0,0,0,223,2,0,0,223,2,5740,8780,4765,54.3,4015,45.7
"34212","8600000US34212",22119,10402,47,11717,53,88.8,987,4.5,1170,5.3,1732,7.8,1305,5.9,1085,4.9,1405,6.4,2190,9.9,3537,16,2156,9.7,1642,7.4,2785,12.6,1432,6.5,693,3.1,48.7,4669,21.1,17797,80.5,17450,78.9,16727,75.6,5667,25.6,4910,22.2,8016,45.9,9434,54.1,85,2352,47.9,2558,52.1,91.9,21577,97.5,542,2.5,19389,87.7,426,1.9,0,0,0,0,0,0,0,0,0,0,1723,7.8,37,0.2,250,1.1,45,0.2,0,0,36,0.2,1332,6,23,0.1,23,0.1,23,0.1,0,0,0,0,0,0,16,0.1,48,0.2,137,0.6,161,0.7,0,0,22119,22119,19931,90.1,474,2.1,137,0.6,1884,8.5,23,0.1,212,1,22119,2689,12.2,158,0.7,505,2.3,216,1,1810,8.2,19430,87.8,16896,76.4,426,1.9,0,0,1723,7.8,23,0.1,16,0.1,346,1.6,0,0,346,1.6,9409,16105,7650,47.5,8455,52.5
"34215","8600000US34215",633,305,48.2,328,51.8,93,0,0,0,0,14,2.2,14,2.2,31,4.9,24,3.8,111,17.5,55,8.7,49,7.7,72,11.4,94,14.8,169,26.7,0,0,61.6,14,2.2,619,97.8,619,97.8,603,95.3,310,49,263,41.5,305,49.3,314,50.7,97.1,139,52.9,124,47.1,112.1,632,99.8,1,0.2,620,97.9,9,1.4,2,0.3,0,0,0,0,0,0,0,0,1,0.2,0,0,1,0.2,0,0,0,0,0,0,0,0,0,0,0,0,0,0,0,0,0,0,0,0,0,0,1,0.2,0,0,0,0,0,0,633,633,621,98.1,10,1.6,2,0.3,1,0.2,0,0,0,0,633,1,0.2,0,0,1,0.2,0,0,0,0,632,99.8,620,97.9,9,1.4,2,0.3,1,0.2,0,0,0,0,0,0,0,0,0,0,525,618,305,49.4,313,50.6
"34216","8600000US34216",1092,475,43.5,617,56.5,77,14,1.3,39,3.6,7,0.6,7,0.6,10,0.9,25,2.3,14,1.3,72,6.6,105,9.6,281,25.7,305,27.9,136,12.5,77,7.1,64.2,67,6.1,1032,94.5,1025,93.9,1025,93.9,666,61,518,47.4,452,44.1,573,55.9,78.9,203,39.2,315,60.8,64.4,1092,100,0,0,1046,95.8,2,0.2,41,3.8,0,0,0,0,0,0,0,0,3,0.3,0,0,0,0,0,0,3,0.3,0,0,0,0,0,0,0,0,0,0,0,0,0,0,0,0,0,0,0,0,0,0,0,0,0,0,1092,1092,1046,95.8,2,0.2,41,3.8,3,0.3,0,0,0,0,1092,12,1.1,1,0.1,0,0,0,0,11,1,1080,98.9,1034,94.7,2,0.2,41,3.8,3,0.3,0,0,0,0,0,0,0,0,0,0,1679,1005,445,44.3,560,55.7
"34217","8600000US34217",5178,2320,44.8,2858,55.2,81.2,91,1.8,46,0.9,186,3.6,27,0.5,106,2,236,4.6,252,4.9,517,10,433,8.4,619,12,1173,22.7,1330,25.7,162,3.1,65.9,336,6.5,4848,93.6,4842,93.5,4774,92.2,3090,59.7,2665,51.5,2279,47.1,2563,52.9,88.9,1191,44.7,1474,55.3,80.8,5173,99.9,5,0.1,5098,98.5,13,0.3,6,0.1,4,0.1,0,0,0,0,0,0,12,0.2,0,0,0,0,8,0.2,0,0,0,0,2,0,2,0,0,0,0,0,0,0,0,0,0,0,44,0.8,0,0,3,0.1,0,0,0,0,5178,5178,5103,98.6,13,0.3,9,0.2,12,0.2,0,0,46,0.9,5178,143,2.8,31,0.6,15,0.3,7,0.1,90,1.7,5035,97.2,5001,96.6,13,0.3,6,0.1,12,0.2,0,0,0,0,3,0.1,0,0,3,0.1,6632,4648,2194,47.2,2454,52.8
"34219","8600000US34219",23970,11931,49.8,12039,50.2,99.1,1148,4.8,1267,5.3,1392,5.8,1159,4.8,1044,4.4,2301,9.6,2837,11.8,3533,14.7,1650,6.9,1657,6.9,3961,16.5,1677,7,344,1.4,47.8,4546,19,19869,82.9,19424,81,18748,78.2,7067,29.5,5982,25,9534,49.1,9890,50.9,96.4,2908,48.6,3074,51.4,94.6,23091,96.3,879,3.7,21514,89.8,646,2.7,0,0,0,0,0,0,0,0,0,0,674,2.8,118,0.5,174,0.7,169,0.7,9,0,0,0,106,0.4,98,0.4,0,0,0,0,0,0,0,0,0,0,257,1.1,213,0.9,65,0.3,302,1.3,0,0,23970,23970,22305,93.1,957,4,144,0.6,997,4.2,0,0,535,2.2,23970,2404,10,439,1.8,1017,4.2,219,0.9,729,3,21566,90,19646,82,628,2.6,0,0,646,2.7,0,0,22,0.1,624,2.6,77,0.3,547,2.3,9838,18957,9366,49.4,9591,50.6
"34221","8600000US34221",50857,24972,49.1,25885,50.9,96.5,2248,4.4,3150,6.2,2486,4.9,2322,4.6,2637,5.2,5895,11.6,5723,11.3,6195,12.2,3301,6.5,4077,8,6944,13.7,4452,8.8,1427,2.8,46.8,9577,18.8,42305,83.2,41280,81.2,39968,78.6,15422,30.3,12823,25.2,20682,50.1,20598,49.9,100.4,5854,45.7,6969,54.3,84,48886,96.1,1971,3.9,38341,75.4,8668,17,136,0.3,13,0,7,0,0,0,0,0,532,1,55,0.1,84,0.2,67,0.1,0,0,6,0,176,0.3,144,0.3,0,0,0,0,0,0,0,0,0,0,1209,2.4,540,1.1,139,0.3,185,0.4,31,0.1,50857,50857,40242,79.1,9375,18.4,447,0.9,761,1.5,98,0.2,2046,4,50857,8602,16.9,6337,12.5,1125,2.2,517,1,623,1.2,42255,83.1,32015,63,8459,16.6,136,0.3,506,1,0,0,84,0.2,1055,2.1,0,0,1055,2.1,22155,38165,19073,50,19092,50
"34222","8600000US34222",12466,5815,46.6,6651,53.4,87.4,409,3.3,513,4.1,754,6,693,5.6,508,4.1,805,6.5,1077,8.6,1519,12.2,1138,9.1,761,6.1,2323,18.6,1473,11.8,493,4,54.8,2172,17.4,10671,85.6,10294,82.6,9975,80,4773,38.3,4289,34.4,4469,43.4,5825,56.6,76.7,1938,45.2,2351,54.8,82.4,11706,93.9,760,6.1,10280,82.5,705,5.7,21,0.2,0,0,0,0,0,0,0,0,133,1.1,63,0.5,11,0.1,0,0,0,0,0,0,25,0.2,34,0.3,0,0,0,0,0,0,0,0,0,0,567,4.5,100,0.8,74,0.6,36,0.3,0,0,12466,12466,10875,87.2,970,7.8,95,0.8,169,1.4,0,0,1117,9,12466,1921,15.4,440,3.5,483,3.9,209,1.7,789,6.3,10545,84.6,9332,74.9,695,5.6,21,0.2,133,1.1,0,0,129,1,235,1.9,25,0.2,210,1.7,7399,9969,4364,43.8,5605,56.2
"34228","8600000US34228",7299,3500,48,3799,52,92.1,0,0,10,0.1,48,0.7,37,0.5,74,1,94,1.3,286,3.9,328,4.5,434,5.9,964,13.2,2330,31.9,2059,28.2,635,8.7,71.3,80,1.1,7230,99.1,7219,98.9,7204,98.7,5677,77.8,5024,68.8,3453,47.8,3766,52.2,91.7,2538,50.5,2486,49.5,102.1,7186,98.5,113,1.5,7092,97.2,12,0.2,19,0.3,0,0,0,0,0,0,0,0,63,0.9,22,0.3,22,0.3,11,0.2,0,0,8,0.1,0,0,0,0,0,0,0,0,0,0,0,0,0,0,0,0,0,0,0,0,84,1.2,0,0,7299,7299,7205,98.7,12,0.2,19,0.3,147,2,0,0,29,0.4,7299,163,2.2,19,0.3,45,0.6,21,0.3,78,1.1,7136,97.8,6958,95.3,12,0.2,19,0.3,63,0.9,0,0,0,0,84,1.2,0,0,84,1.2,9174,6840,3307,48.3,3533,51.7
"34240","8600000US34240",12143,6125,50.4,6018,49.6,101.8,734,6,571,4.7,832,6.9,624,5.1,466,3.8,604,5,1062,8.7,1871,15.4,1089,9,947,7.8,2254,18.6,792,6.5,297,2.4,51.7,2589,21.3,9871,81.3,9554,78.7,9303,76.6,3870,31.9,3343,27.5,4645,48.6,4909,51.4,94.6,1797,53.8,1546,46.2,116.2,12038,99.1,105,0.9,11607,95.6,124,1,18,0.1,0,0,18,0.1,0,0,0,0,289,2.4,97,0.8,20,0.2,28,0.2,10,0.1,17,0.1,117,1,0,0,0,0,0,0,0,0,0,0,0,0,0,0,53,0.4,12,0.1,0,0,0,0,12143,12143,11712,96.5,193,1.6,30,0.2,289,2.4,0,0,40,0.3,12143,301,2.5,137,1.1,49,0.4,20,0.2,95,0.8,11842,97.5,11364,93.6,124,1,18,0.1,289,2.4,0,0,0,0,47,0.4,0,0,47,0.4,5939,9320,4526,48.6,4794,51.4
"34243","8600000US34243",31700,14768,46.6,16932,53.4,87.2,1349,4.3,1609,5.1,917,2.9,1676,5.3,1637,5.2,3618,11.4,2615,8.2,3299,10.4,2274,7.2,2544,8,5269,16.6,3755,11.8,1138,3.6,52.6,4785,15.1,27574,87,26915,84.9,25725,81.2,11688,36.9,10162,32.1,12260,45.6,14655,54.4,83.7,4458,43.9,5704,56.1,78.2,30653,96.7,1047,3.3,27748,87.5,1588,5,25,0.1,0,0,0,0,0,0,0,0,974,3.1,304,1,68,0.2,12,0,0,0,108,0.3,312,1,170,0.5,29,0.1,0,0,29,0.1,0,0,0,0,289,0.9,432,1.4,54,0.2,26,0.1,0,0,31700,31700,28795,90.8,2062,6.5,136,0.4,1015,3.2,29,0.1,767,2.4,31700,3036,9.6,931,2.9,366,1.2,337,1.1,1402,4.4,28664,90.4,25401,80.1,1559,4.9,7,0,974,3.1,29,0.1,45,0.1,649,2,80,0.3,569,1.8,15397,25807,11798,45.7,14009,54.3
"34251","8600000US34251",7586,4182,55.1,3404,44.9,122.9,307,4,351,4.6,604,8,883,11.6,589,7.8,621,8.2,767,10.1,1361,17.9,753,9.9,503,6.6,619,8.2,167,2.2,61,0.8,41.7,1885,24.8,6025,79.4,5701,75.2,5190,68.4,1138,15,847,11.2,2871,50.4,2830,49.6,101.4,484,57.1,363,42.9,133.3,7377,97.2,209,2.8,7146,94.2,141,1.9,0,0,0,0,0,0,0,0,0,0,90,1.2,29,0.4,22,0.3,0,0,0,0,0,0,15,0.2,24,0.3,0,0,0,0,0,0,0,0,0,0,0,0,14,0.2,9,0.1,0,0,0,0,7586,7586,7335,96.7,155,2,9,0.1,110,1.5,20,0.3,166,2.2,7586,988,13,366,4.8,186,2.5,0,0,436,5.7,6598,87,6275,82.7,141,1.9,0,0,90,1.2,0,0,0,0,92,1.2,49,0.6,43,0.6,2374,5630,2825,50.2,2805,49.8
"34223","8600000US34223",18500,9063,49,9437,51,96,252,1.4,433,2.3,433,2.3,220,1.2,306,1.7,845,4.6,811,4.4,1319,7.1,1362,7.4,1924,10.4,4998,27,4126,22.3,1471,8,68,1259,6.8,17343,93.7,17241,93.2,17107,92.5,11801,63.8,10595,57.3,8238,47.8,9003,52.2,91.5,5150,48.6,5445,51.4,94.6,18188,98.3,312,1.7,17688,95.6,6,0,0,0,0,0,0,0,0,0,0,0,445,2.4,0,0,207,1.1,142,0.8,30,0.2,29,0.2,0,0,37,0.2,9,0,9,0,0,0,0,0,0,0,40,0.2,18,0.1,59,0.3,115,0.6,0,0,18500,18500,18000,97.3,24,0.1,59,0.3,560,3,14,0.1,155,0.8,18500,671,3.6,41,0.2,38,0.2,401,2.2,191,1,17829,96.4,17138,92.6,6,0,0,0,445,2.4,9,0,17,0.1,214,1.2,17,0.1,197,1.1,14012,16580,7964,48,8616,52
"34224","8600000US34224",16369,7853,48,8516,52,92.2,373,2.3,440,2.7,446,2.7,642,3.9,702,4.3,799,4.9,906,5.5,1619,9.9,1434,8.8,1537,9.4,3567,21.8,2840,17.3,1064,6.5,62.6,1527,9.3,15094,92.2,14842,90.7,14364,87.8,8372,51.1,7471,45.6,7101,47.8,7741,52.2,91.7,3795,50.8,3676,49.2,103.2,15835,96.7,534,3.3,15539,94.9,3,0,32,0.2,0,0,0,0,0,0,0,0,228,1.4,29,0.2,17,0.1,182,1.1,0,0,0,0,0,0,0,0,0,0,0,0,0,0,0,0,0,0,33,0.2,21,0.1,236,1.4,47,0.3,0,0,16369,16369,15999,97.7,114,0.7,284,1.7,414,2.5,78,0.5,95,0.6,16369,597,3.6,217,1.3,63,0.4,245,1.5,72,0.4,15772,96.4,15026,91.8,3,0,22,0.1,228,1.4,0,0,21,0.1,472,2.9,0,0,472,2.9,10913,14435,6818,47.2,7617,52.8
"34228","8600000US34228",7299,3500,48,3799,52,92.1,0,0,10,0.1,48,0.7,37,0.5,74,1,94,1.3,286,3.9,328,4.5,434,5.9,964,13.2,2330,31.9,2059,28.2,635,8.7,71.3,80,1.1,7230,99.1,7219,98.9,7204,98.7,5677,77.8,5024,68.8,3453,47.8,3766,52.2,91.7,2538,50.5,2486,49.5,102.1,7186,98.5,113,1.5,7092,97.2,12,0.2,19,0.3,0,0,0,0,0,0,0,0,63,0.9,22,0.3,22,0.3,11,0.2,0,0,8,0.1,0,0,0,0,0,0,0,0,0,0,0,0,0,0,0,0,0,0,0,0,84,1.2,0,0,7299,7299,7205,98.7,12,0.2,19,0.3,147,2,0,0,29,0.4,7299,163,2.2,19,0.3,45,0.6,21,0.3,78,1.1,7136,97.8,6958,95.3,12,0.2,19,0.3,63,0.9,0,0,0,0,84,1.2,0,0,84,1.2,9174,6840,3307,48.3,3533,51.7
"34229","8600000US34229",7934,3718,46.9,4216,53.1,88.2,366,4.6,413,5.2,174,2.2,256,3.2,150,1.9,435,5.5,291,3.7,961,12.1,819,10.3,530,6.7,1525,19.2,1365,17.2,649,8.2,61.3,1169,14.7,6941,87.5,6765,85.3,6663,84,3863,48.7,3539,44.6,3146,46.5,3619,53.5,86.9,1654,46.7,1885,53.3,87.7,7825,98.6,109,1.4,7750,97.7,56,0.7,0,0,0,0,0,0,0,0,0,0,0,0,0,0,0,0,0,0,0,0,0,0,0,0,0,0,0,0,0,0,0,0,0,0,0,0,19,0.2,0,0,109,1.4,0,0,0,0,7934,7934,7859,99.1,56,0.7,109,1.4,0,0,0,0,19,0.2,7934,302,3.8,22,0.3,16,0.2,0,0,264,3.3,7632,96.2,7448,93.9,56,0.7,0,0,0,0,0,0,19,0.2,109,1.4,0,0,109,1.4,4643,6156,3017,49,3139,51
"34231","8600000US34231",32762,15390,47,17372,53,88.6,973,3,1599,4.9,1641,5,1514,4.6,1131,3.5,2987,9.1,3844,11.7,3922,12,2418,7.4,2368,7.2,4158,12.7,3812,11.6,2395,7.3,51.9,5349,16.3,28040,85.6,27413,83.7,26896,82.1,11750,35.9,10365,31.6,12720,46.4,14693,53.6,86.6,4180,40.3,6185,59.7,67.6,31746,96.9,1016,3.1,29999,91.6,697,2.1,114,0.3,20,0.1,0,0,0,0,0,0,396,1.2,69,0.2,169,0.5,62,0.2,8,0,62,0.2,15,0,11,0,12,0,0,0,0,0,0,0,12,0,528,1.6,80,0.2,92,0.3,126,0.4,0,0,32762,32762,31006,94.6,806,2.5,235,0.7,531,1.6,12,0,1217,3.7,32762,3121,9.5,904,2.8,270,0.8,164,0.5,1783,5.4,29641,90.5,28117,85.8,697,2.1,55,0.2,385,1.2,0,0,60,0.2,327,1,0,0,327,1,18991,25957,12023,46.3,13934,53.7
"34232","8600000US34232",35486,16967,47.8,18519,52.2,91.6,1483,4.2,1632,4.6,1890,5.3,1833,5.2,1861,5.2,4501,12.7,4065,11.5,4060,11.4,2953,8.3,2710,7.6,4183,11.8,2641,7.4,1674,4.7,46.1,6129,17.3,30006,84.6,29357,82.7,28284,79.7,10038,28.3,8498,23.9,13757,46.9,15600,53.1,88.2,3405,40.1,5093,59.9,66.9,34370,96.9,1116,3.1,32003,90.2,1112,3.1,34,0.1,9,0,0,0,0,0,0,0,607,1.7,59,0.2,134,0.4,44,0.1,0,0,15,0,312,0.9,43,0.1,0,0,0,0,0,0,0,0,0,0,614,1.7,169,0.5,151,0.4,123,0.3,0,0,35486,35486,33119,93.3,1291,3.6,190,0.5,740,2.1,9,0,1268,3.6,35486,5449,15.4,2052,5.8,495,1.4,1426,4,1476,4.2,30037,84.6,27793,78.3,1080,3,31,0.1,591,1.7,0,0,101,0.3,441,1.2,59,0.2,382,1.1,16061,27247,12802,47,14445,53
"34233","8600000US34233",18560,8609,46.4,9951,53.6,86.5,682,3.7,926,5,979,5.3,906,4.9,638,3.4,1924,10.4,1697,9.1,2231,12,1534,8.3,1239,6.7,2656,14.3,1718,9.3,1430,7.7,52.7,3254,17.5,15579,83.9,15306,82.5,14966,80.6,6488,35,5804,31.3,7040,46,8266,54,85.2,2329,40.1,3475,59.9,67,18039,97.2,521,2.8,16963,91.4,291,1.6,0,0,0,0,0,0,0,0,0,0,448,2.4,40,0.2,0,0,0,0,32,0.2,0,0,265,1.4,111,0.6,0,0,0,0,0,0,0,0,0,0,337,1.8,162,0.9,11,0.1,20,0.1,0,0,18560,18560,17464,94.1,453,2.4,11,0.1,468,2.5,66,0.4,665,3.6,18560,2699,14.5,662,3.6,438,2.4,647,3.5,952,5.1,15861,85.5,15105,81.4,202,1.1,0,0,448,2.4,0,0,16,0.1,90,0.5,0,0,90,0.5,9235,14515,6638,45.7,7877,54.3
"34234","8600000US34234",22330,10680,47.8,11650,52.2,91.7,1272,5.7,1251,5.6,1254,5.6,1122,5,1537,6.9,2649,11.9,2597,11.6,2688,12,1500,6.7,1590,7.1,2372,10.6,1967,8.8,531,2.4,42.3,4410,19.7,18393,82.4,17920,80.3,17035,76.3,5931,26.6,4870,21.8,8281,46.2,9639,53.8,85.9,2063,42.4,2807,57.6,73.5,21467,96.1,863,3.9,13728,61.5,7213,32.3,0,0,0,0,0,0,0,0,0,0,218,1,5,0,45,0.2,7,0,0,0,24,0.1,137,0.6,0,0,0,0,0,0,0,0,0,0,0,0,308,1.4,230,1,42,0.2,39,0.2,35,0.2,22330,22330,14503,64.9,7531,33.7,77,0.3,288,1.3,22,0.1,772,3.5,22330,4199,18.8,1888,8.5,447,2,1154,5.2,710,3.2,18131,81.2,10294,46.1,7094,31.8,0,0,218,1,0,0,165,0.7,360,1.6,0,0,360,1.6,10255,16271,7476,45.9,8795,54.1
"34235","8600000US34235",14269,6675,46.8,7594,53.2,87.9,435,3,219,1.5,379,2.7,681,4.8,924,6.5,1302,9.1,1042,7.3,1700,11.9,875,6.1,1203,8.4,2514,17.6,2139,15,856,6,57.9,1429,10,13147,92.1,12840,90,12466,87.4,6276,44,5509,38.6,5887,45.8,6953,54.2,84.7,2387,43.3,3122,56.7,76.5,13417,94,852,6,12670,88.8,312,2.2,0,0,0,0,0,0,0,0,0,0,70,0.5,0,0,0,0,42,0.3,0,0,0,0,0,0,28,0.2,0,0,0,0,0,0,0,0,0,0,365,2.6,292,2,24,0.2,82,0.6,0,0,14269,14269,13522,94.8,604,4.2,24,0.2,152,1.1,0,0,819,5.7,14269,2347,16.4,544,3.8,349,2.4,726,5.1,728,5.1,11922,83.6,11097,77.8,256,1.8,0,0,70,0.5,0,0,262,1.8,237,1.7,0,0,237,1.7,8052,11372,5285,46.5,6087,53.5
"34236","8600000US34236",13384,5956,44.5,7428,55.5,80.2,205,1.5,185,1.4,204,1.5,195,1.5,203,1.5,1274,9.5,843,6.3,976,7.3,859,6.4,1170,8.7,3536,26.4,2332,17.4,1402,10.5,66.6,725,5.4,12707,94.9,12659,94.6,12563,93.9,7981,59.6,7270,54.3,5611,44.3,7048,55.7,79.6,2979,41,4291,59,69.4,12865,96.1,519,3.9,11716,87.5,736,5.5,30,0.2,0,0,15,0.1,0,0,0,0,297,2.2,41,0.3,47,0.4,161,1.2,0,0,4,0,36,0.3,8,0.1,0,0,0,0,0,0,0,0,0,0,86,0.6,66,0.5,58,0.4,57,0.4,0,0,13384,13384,12130,90.6,930,6.9,88,0.7,505,3.8,46,0.3,296,2.2,13384,926,6.9,398,3,248,1.9,103,0.8,177,1.3,12458,93.1,11091,82.9,721,5.4,30,0.2,297,2.2,0,0,0,0,319,2.4,10,0.1,309,2.3,11453,11976,5245,43.8,6731,56.2
"34237","8600000US34237",19169,9584,50,9585,50,100,864,4.5,795,4.1,1132,5.9,980,5.1,1263,6.6,3114,16.2,2173,11.3,2707,14.1,1362,7.1,1340,7,1979,10.3,684,3.6,776,4,42.3,3437,17.9,16077,83.9,15732,82.1,15316,79.9,4300,22.4,3439,17.9,7781,49.5,7951,50.5,97.9,1282,37.3,2157,62.7,59.4,18375,95.9,794,4.1,15132,78.9,2380,12.4,99,0.5,34,0.2,0,0,0,0,0,0,501,2.6,0,0,0,0,320,1.7,82,0.4,12,0.1,31,0.2,56,0.3,0,0,0,0,0,0,0,0,0,0,263,1.4,127,0.7,52,0.3,18,0.1,0,0,19169,19169,15901,83,2549,13.3,172,0.9,561,2.9,0,0,826,4.3,19169,5800,30.3,2563,13.4,218,1.1,1270,6.6,1749,9.1,13369,69.7,10602,55.3,2047,10.7,49,0.3,430,2.2,0,0,0,0,241,1.3,26,0.1,215,1.1,8619,13044,6528,50,6516,50
"34238","8600000US34238",20095,9412,46.8,10683,53.2,88.1,412,2.1,410,2,560,2.8,772,3.8,278,1.4,741,3.7,1286,6.4,1925,9.6,1530,7.6,2062,10.3,4457,22.2,4149,20.6,1513,7.5,65.3,1807,9,18542,92.3,18288,91,17897,89.1,11484,57.1,10119,50.4,8471,46.3,9817,53.7,86.3,4906,48.5,5213,51.5,94.1,19909,99.1,186,0.9,19081,95,191,1,68,0.3,34,0.2,0,0,0,0,0,0,373,1.9,83,0.4,200,1,27,0.1,24,0.1,0,0,38,0.2,1,0,0,0,0,0,0,0,0,0,0,0,196,1,66,0.3,29,0.1,47,0.2,0,0,20095,20095,19267,95.9,257,1.3,97,0.5,420,2.1,0,0,240,1.2,20095,932,4.6,98,0.5,134,0.7,164,0.8,536,2.7,19163,95.4,18511,92.1,58,0.3,68,0.3,373,1.9,0,0,11,0.1,142,0.7,0,0,142,0.7,13048,17630,8142,46.2,9488,53.8
"34239","8600000US34239",15178,7153,47.1,8025,52.9,89.1,613,4,593,3.9,652,4.3,670,4.4,414,2.7,1586,10.4,1521,10,2215,14.6,1226,8.1,1389,9.2,2264,14.9,1328,8.7,707,4.7,51.4,2268,14.9,13210,87,12910,85.1,12611,83.1,5228,34.4,4299,28.3,5985,46.4,6925,53.6,86.4,2004,46.6,2295,53.4,87.3,14403,94.9,775,5.1,13665,90,188,1.2,33,0.2,3,0,0,0,0,0,0,0,442,2.9,41,0.3,33,0.2,136,0.9,26,0.2,8,0.1,198,1.3,0,0,0,0,0,0,0,0,0,0,0,0,75,0.5,64,0.4,107,0.7,138,0.9,0,0,15178,15178,14427,95.1,309,2,191,1.3,614,4,14,0.1,483,3.2,15178,1452,9.6,453,3,79,0.5,234,1.5,686,4.5,13726,90.4,12582,82.9,175,1.2,33,0.2,430,2.8,0,0,0,0,506,3.3,141,0.9,365,2.4,8318,12284,5679,46.2,6605,53.8
"34240","8600000US34240",12143,6125,50.4,6018,49.6,101.8,734,6,571,4.7,832,6.9,624,5.1,466,3.8,604,5,1062,8.7,1871,15.4,1089,9,947,7.8,2254,18.6,792,6.5,297,2.4,51.7,2589,21.3,9871,81.3,9554,78.7,9303,76.6,3870,31.9,3343,27.5,4645,48.6,4909,51.4,94.6,1797,53.8,1546,46.2,116.2,12038,99.1,105,0.9,11607,95.6,124,1,18,0.1,0,0,18,0.1,0,0,0,0,289,2.4,97,0.8,20,0.2,28,0.2,10,0.1,17,0.1,117,1,0,0,0,0,0,0,0,0,0,0,0,0,0,0,53,0.4,12,0.1,0,0,0,0,12143,12143,11712,96.5,193,1.6,30,0.2,289,2.4,0,0,40,0.3,12143,301,2.5,137,1.1,49,0.4,20,0.2,95,0.8,11842,97.5,11364,93.6,124,1,18,0.1,289,2.4,0,0,0,0,47,0.4,0,0,47,0.4,5939,9320,4526,48.6,4794,51.4
"34241","8600000US34241",15222,7133,46.9,8089,53.1,88.2,789,5.2,673,4.4,798,5.2,917,6,794,5.2,1168,7.7,1588,10.4,1759,11.6,1017,6.7,1211,8,2530,16.6,1237,8.1,741,4.9,50.6,2907,19.1,12781,84,12315,80.9,11774,77.3,5242,34.4,4508,29.6,5594,45.4,6721,54.6,83.2,2258,50.1,2250,49.9,100.4,15066,99,156,1,14677,96.4,84,0.6,0,0,0,0,0,0,0,0,0,0,268,1.8,5,0,64,0.4,0,0,2,0,17,0.1,11,0.1,169,1.1,0,0,0,0,0,0,0,0,0,0,37,0.2,42,0.3,49,0.3,32,0.2,0,0,15222,15222,14816,97.3,134,0.9,67,0.4,312,2,0,0,55,0.4,15222,840,5.5,210,1.4,323,2.1,82,0.5,225,1.5,14382,94.5,13944,91.6,65,0.4,0,0,230,1.5,0,0,0,0,143,0.9,5,0,138,0.9,6561,11744,5279,45,6465,55
"34242","8600000US34242",7643,3770,49.3,3873,50.7,97.3,89,1.2,88,1.2,203,2.7,339,4.4,177,2.3,232,3,356,4.7,665,8.7,638,8.3,694,9.1,1935,25.3,1543,20.2,684,8.9,66.9,671,8.8,7119,93.1,6972,91.2,6888,90.1,4537,59.4,4162,54.5,3396,48.7,3576,51.3,95,1979,47.5,2183,52.5,90.7,7466,97.7,177,2.3,7294,95.4,32,0.4,17,0.2,0,0,0,0,0,0,0,0,106,1.4,15,0.2,26,0.3,12,0.2,0,0,0,0,40,0.5,13,0.2,4,0.1,0,0,4,0.1,0,0,0,0,13,0.2,0,0,8,0.1,78,1,0,0,7643,7643,7471,97.7,66,0.9,39,0.5,198,2.6,13,0.2,81,1.1,7643,214,2.8,8,0.1,0,0,23,0.3,183,2.4,7429,97.2,7184,94,24,0.3,17,0.2,106,1.4,4,0.1,5,0.1,89,1.2,0,0,89,1.2,10696,6604,3207,48.6,3397,51.4
"34243","8600000US34243",31700,14768,46.6,16932,53.4,87.2,1349,4.3,1609,5.1,917,2.9,1676,5.3,1637,5.2,3618,11.4,2615,8.2,3299,10.4,2274,7.2,2544,8,5269,16.6,3755,11.8,1138,3.6,52.6,4785,15.1,27574,87,26915,84.9,25725,81.2,11688,36.9,10162,32.1,12260,45.6,14655,54.4,83.7,4458,43.9,5704,56.1,78.2,30653,96.7,1047,3.3,27748,87.5,1588,5,25,0.1,0,0,0,0,0,0,0,0,974,3.1,304,1,68,0.2,12,0,0,0,108,0.3,312,1,170,0.5,29,0.1,0,0,29,0.1,0,0,0,0,289,0.9,432,1.4,54,0.2,26,0.1,0,0,31700,31700,28795,90.8,2062,6.5,136,0.4,1015,3.2,29,0.1,767,2.4,31700,3036,9.6,931,2.9,366,1.2,337,1.1,1402,4.4,28664,90.4,25401,80.1,1559,4.9,7,0,974,3.1,29,0.1,45,0.1,649,2,80,0.3,569,1.8,15397,25807,11798,45.7,14009,54.3
"34251","8600000US34251",7586,4182,55.1,3404,44.9,122.9,307,4,351,4.6,604,8,883,11.6,589,7.8,621,8.2,767,10.1,1361,17.9,753,9.9,503,6.6,619,8.2,167,2.2,61,0.8,41.7,1885,24.8,6025,79.4,5701,75.2,5190,68.4,1138,15,847,11.2,2871,50.4,2830,49.6,101.4,484,57.1,363,42.9,133.3,7377,97.2,209,2.8,7146,94.2,141,1.9,0,0,0,0,0,0,0,0,0,0,90,1.2,29,0.4,22,0.3,0,0,0,0,0,0,15,0.2,24,0.3,0,0,0,0,0,0,0,0,0,0,0,0,14,0.2,9,0.1,0,0,0,0,7586,7586,7335,96.7,155,2,9,0.1,110,1.5,20,0.3,166,2.2,7586,988,13,366,4.8,186,2.5,0,0,436,5.7,6598,87,6275,82.7,141,1.9,0,0,90,1.2,0,0,0,0,92,1.2,49,0.6,43,0.6,2374,5630,2825,50.2,2805,49.8
"34266","8600000US34266",31733,17968,56.6,13765,43.4,130.5,1710,5.4,1737,5.5,1766,5.6,2400,7.6,1771,5.6,4909,15.5,4144,13.1,3994,12.6,1701,5.4,1645,5.2,3342,10.5,1802,5.7,812,2.6,38.5,6469,20.4,25994,81.9,25264,79.6,23789,75,6981,22,5956,18.8,14710,58.2,10554,41.8,139.4,2837,47.6,3119,52.4,91,30723,96.8,1010,3.2,25891,81.6,3821,12,31,0.1,15,0,0,0,0,0,0,0,108,0.3,0,0,4,0,44,0.1,0,0,60,0.2,0,0,0,0,25,0.1,0,0,25,0.1,0,0,0,0,847,2.7,122,0.4,141,0.4,46,0.1,38,0.1,31733,31733,26831,84.6,4001,12.6,222,0.7,167,0.5,29,0.1,1493,4.7,31733,11386,35.9,9402,29.6,204,0.6,661,2.1,1119,3.5,20347,64.1,15966,50.3,3821,12,31,0.1,108,0.3,25,0.1,27,0.1,369,1.2,24,0.1,345,1.1,12207,21556,11991,55.6,9565,44.4
"34275","8600000US34275",20475,10383,50.7,10092,49.3,102.9,607,3,647,3.2,700,3.4,1096,5.4,783,3.8,1016,5,1396,6.8,1995,9.7,1458,7.1,2241,10.9,4800,23.4,3019,14.7,717,3.5,61.5,2691,13.1,18445,90.1,17784,86.9,17267,84.3,10081,49.2,8536,41.7,8857,49.8,8927,50.2,99.2,4353,51,4183,49,104.1,19802,96.7,673,3.3,18168,88.7,799,3.9,29,0.1,8,0,12,0.1,0,0,0,0,585,2.9,130,0.6,94,0.5,55,0.3,0,0,69,0.3,41,0.2,196,1,0,0,0,0,0,0,0,0,0,0,221,1.1,271,1.3,138,0.7,42,0.2,0,0,20475,20475,18817,91.9,1128,5.5,201,1,627,3.1,0,0,443,2.2,20475,883,4.3,90,0.4,91,0.4,35,0.2,667,3.3,19592,95.7,17576,85.8,784,3.8,21,0.1,585,2.9,0,0,204,1,422,2.1,24,0.1,398,1.9,11416,17166,8502,49.5,8664,50.5
"34285","8600000US34285",18117,8250,45.5,9867,54.5,83.6,152,0.8,247,1.4,287,1.6,400,2.2,540,3,538,3,695,3.8,1386,7.7,1143,6.3,1582,8.7,5159,28.5,4361,24.1,1627,9,69.5,957,5.3,17390,96,17160,94.7,16971,93.7,12332,68.1,11147,61.5,7673,44.7,9487,55.3,80.9,4988,44.7,6159,55.3,81,17592,97.1,525,2.9,17043,94.1,46,0.3,31,0.2,0,0,7,0,0,0,0,0,380,2.1,0,0,38,0.2,144,0.8,0,0,0,0,142,0.8,56,0.3,31,0.2,18,0.1,13,0.1,0,0,0,0,61,0.3,74,0.4,48,0.3,89,0.5,0,0,18117,18117,17550,96.9,190,1,79,0.4,539,3,31,0.2,305,1.7,18117,501,2.8,172,0.9,194,1.1,90,0.5,45,0.2,17616,97.2,16781,92.6,46,0.3,20,0.1,380,2.1,31,0.2,7,0,351,1.9,70,0.4,281,1.6,15313,16346,7392,45.2,8954,54.8
"34286","8600000US34286",19700,9712,49.3,9988,50.7,97.2,787,4,929,4.7,1473,7.5,1660,8.4,856,4.3,1941,9.9,2270,11.5,2303,11.7,1590,8.1,1254,6.4,3088,15.7,1218,6.2,331,1.7,44.9,4066,20.6,16365,83.1,15634,79.4,14511,73.7,5196,26.4,4637,23.5,7696,49.2,7938,50.8,97,2420,52.2,2217,47.8,109.2,18796,95.4,904,4.6,17019,86.4,1213,6.2,0,0,0,0,0,0,0,0,0,0,359,1.8,0,0,172,0.9,187,0.9,0,0,0,0,0,0,0,0,0,0,0,0,0,0,0,0,0,0,205,1,568,2.9,102,0.5,73,0.4,0,0,19700,19700,17923,91,1889,9.6,210,1.1,432,2.2,53,0.3,205,1,19700,1797,9.1,149,0.8,752,3.8,275,1.4,621,3.2,17903,90.9,15371,78,1213,6.2,0,0,359,1.8,0,0,101,0.5,859,4.4,0,0,859,4.4,7730,15101,7474,49.5,7627,50.5
"34287","8600000US34287",27620,12988,47,14632,53,88.8,1274,4.6,1478,5.4,965,3.5,741,2.7,1264,4.6,2575,9.3,1869,6.8,3015,10.9,1960,7.1,1611,5.8,5471,19.8,3854,14,1543,5.6,56.9,4118,14.9,23776,86.1,23502,85.1,22807,82.6,11823,42.8,10868,39.3,10844,46.1,12658,53.9,85.7,4797,44.1,6071,55.9,79,26883,97.3,737,2.7,24640,89.2,1304,4.7,35,0.1,0,0,0,0,0,0,0,0,664,2.4,0,0,143,0.5,150,0.5,0,0,12,0,72,0.3,287,1,0,0,0,0,0,0,0,0,0,0,240,0.9,225,0.8,247,0.9,156,0.6,0,0,27620,27620,25377,91.9,1529,5.5,326,1.2,820,3,44,0.2,305,1.1,27620,2444,8.8,309,1.1,980,3.5,161,0.6,994,3.6,25176,91.2,22542,81.6,1198,4.3,19,0.1,664,2.4,0,0,16,0.1,737,2.7,65,0.2,672,2.4,15470,22839,10602,46.4,12237,53.6
"34288","8600000US34288",11973,6096,50.9,5877,49.1,103.7,799,6.7,799,6.7,426,3.6,799,6.7,1077,9,1066,8.9,842,7,1944,16.2,737,6.2,759,6.3,1827,15.3,708,5.9,190,1.6,46.1,2404,20.1,9861,82.4,9569,79.9,8904,74.4,3132,26.2,2725,22.8,4976,52,4593,48,108.3,1570,57.6,1155,42.4,135.9,11851,99,122,1,10598,88.5,913,7.6,0,0,0,0,0,0,0,0,0,0,261,2.2,55,0.5,0,0,0,0,0,0,34,0.3,0,0,172,1.4,0,0,0,0,0,0,0,0,0,0,79,0.7,0,0,0,0,122,1,0,0,11973,11973,10720,89.5,913,7.6,0,0,383,3.2,0,0,79,0.7,11973,761,6.4,17,0.1,201,1.7,0,0,543,4.5,11212,93.6,9837,82.2,913,7.6,0,0,261,2.2,0,0,79,0.7,122,1,0,0,122,1,4892,9415,4976,52.9,4439,47.1
"34289","8600000US34289",4097,1307,31.9,2790,68.1,46.8,72,1.8,91,2.2,454,11.1,247,6,541,13.2,219,5.3,552,13.5,533,13,638,15.6,275,6.7,322,7.9,153,3.7,0,0,39.8,717,17.5,3480,84.9,3380,82.5,3233,78.9,600,14.6,475,11.6,1170,34.6,2210,65.4,52.9,189,39.8,286,60.2,66.1,3992,97.4,105,2.6,3599,87.8,393,9.6,0,0,0,0,0,0,0,0,0,0,0,0,0,0,0,0,0,0,0,0,0,0,0,0,0,0,0,0,0,0,0,0,0,0,0,0,0,0,0,0,0,0,0,0,0,0,4097,4097,3704,90.4,393,9.6,0,0,0,0,0,0,105,2.6,4097,329,8,75,1.8,149,3.6,105,2.6,0,0,3768,92,3375,82.4,393,9.6,0,0,0,0,0,0,0,0,0,0,0,0,0,0,1662,3290,1170,35.6,2120,64.4
"34291","8600000US34291",6165,2814,45.6,3351,54.4,84,401,6.5,403,6.5,476,7.7,121,2,118,1.9,844,13.7,456,7.4,981,15.9,621,10.1,595,9.7,676,11,424,6.9,49,0.8,50.2,1401,22.7,4838,78.5,4764,77.3,4745,77,1462,23.7,1149,18.6,2306,48.4,2458,51.6,93.8,448,39,701,61,63.9,5870,95.2,295,4.8,5181,84,497,8.1,0,0,0,0,0,0,0,0,0,0,108,1.8,0,0,0,0,0,0,0,0,0,0,0,0,108,1.8,0,0,0,0,0,0,0,0,0,0,84,1.4,58,0.9,0,0,0,0,0,0,6165,6165,5429,88.1,602,9.8,0,0,108,1.8,0,0,321,5.2,6165,481,7.8,64,1,335,5.4,0,0,82,1.3,5684,92.2,5021,81.4,497,8.1,0,0,108,1.8,0,0,0,0,58,0.9,0,0,58,0.9,2332,4482,2243,50,2239,50
"34292","8600000US34292",15090,7123,47.2,7967,52.8,89.4,228,1.5,418,2.8,374,2.5,282,1.9,288,1.9,418,2.8,939,6.2,1421,9.4,596,3.9,1003,6.6,4330,28.7,3297,21.8,1496,9.9,69.2,1151,7.6,14031,93,13939,92.4,13755,91.2,9664,64,9123,60.5,6592,47.3,7347,52.7,89.7,4289,47,4834,53,88.7,14938,99,152,1,14400,95.4,112,0.7,10,0.1,0,0,0,0,0,0,0,0,193,1.3,18,0.1,69,0.5,0,0,0,0,18,0.1,47,0.3,41,0.3,11,0.1,11,0.1,0,0,0,0,0,0,212,1.4,18,0.1,50,0.3,0,0,0,0,15090,15090,14552,96.4,130,0.9,60,0.4,193,1.3,31,0.2,276,1.8,15090,279,1.8,43,0.3,33,0.2,11,0.1,192,1.3,14811,98.2,14348,95.1,112,0.7,10,0.1,193,1.3,11,0.1,69,0.5,68,0.5,0,0,68,0.5,9810,13700,6498,47.4,7202,52.6
"34293","8600000US34293",43988,21214,48.2,22774,51.8,93.2,1173,2.7,1340,3,1592,3.6,1402,3.2,1084,2.5,3136,7.1,3311,7.5,4502,10.2,3604,8.2,4162,9.5,10721,24.4,5944,13.5,2017,4.6,60.9,4964,11.3,39621,90.1,39024,88.7,38350,87.2,21055,47.9,18682,42.5,18697,47.9,20327,52.1,92,9190,49.2,9492,50.8,96.8,43382,98.6,606,1.4,42099,95.7,291,0.7,154,0.4,20,0,18,0,0,0,0,0,569,1.3,118,0.3,98,0.2,170,0.4,11,0,13,0,27,0.1,132,0.3,5,0,0,0,5,0,0,0,0,0,264,0.6,180,0.4,143,0.3,63,0.1,9,0,43988,43988,42696,97.1,480,1.1,306,0.7,632,1.4,39,0.1,441,1,43988,1896,4.3,640,1.5,389,0.9,230,0.5,637,1.4,42092,95.7,40632,92.4,291,0.7,146,0.3,569,1.3,5,0,54,0.1,395,0.9,21,0,374,0.9,25303,38213,18358,48,19855,52
